tconst,titleType,primaryTitle,originalTitle,isAdult,startYear,endYear,runtimeMinutes,genres,averageRating,numVotes,target,features
tt10022782,movie,Everything I Ever Wanted to Tell My Daughter About Men,Everything I Ever Wanted to Tell My Daughter About Men,0,2021,\N,88.0,Drama,6.0,77,0,"[77.0,0.0,2021.0,88.0]"
tt10064134,movie,The Reunion,The Reunion,0,2022,\N,85.0,Drama,4.1,74,0,"[74.0,0.0,2022.0,85.0]"
tt10100196,movie,You Mean Everything to Me,You Mean Everything to Me,0,2021,\N,88.0,Drama,5.7,73,0,"[73.0,0.0,2021.0,88.0]"
tt10102080,movie,Range Roads,Range Roads,0,2021,\N,86.0,Drama,6.5,89,0,"[89.0,0.0,2021.0,86.0]"
tt10134812,movie,Let Me Be Me,Let Me Be Me,0,2021,\N,75.0,Documentary,6.3,53,0,"[53.0,0.0,2021.0,75.0]"
tt10196568,movie,On the Divide,On the Divide,0,2021,\N,79.0,Documentary,8.6,69,1,"[69.0,0.0,2021.0,79.0]"
tt10241130,movie,Teen Paayancha Ghoda,Three Legged Horse,0,2023,\N,116.0,Drama,8.1,54,1,"[54.0,0.0,2023.0,116.0]"
tt10262784,movie,Heaven Stood Still: The Incarnations of Willy DeVille,Heaven Stood Still: The Incarnations of Willy DeVille,0,2022,\N,87.0,Documentary,8.8,52,1,"[52.0,0.0,2022.0,87.0]"
tt10271638,movie,What Went Wrong?,¿Qué hicimos mal?,0,2021,\N,79.0,Drama,5.5,90,0,"[90.0,0.0,2021.0,79.0]"
tt10345346,movie,Lluvia,Lluvia,0,2023,\N,80.0,Drama,5.9,60,0,"[60.0,0.0,2023.0,80.0]"
tt10358566,movie,Loren & Rose,Loren & Rose,0,2022,\N,83.0,Drama,7.5,61,0,"[61.0,0.0,2022.0,83.0]"
tt10378492,movie,Uncharitable,Uncharitable,0,2023,\N,90.0,Documentary,8.4,51,1,"[51.0,0.0,2023.0,90.0]"
tt10407144,movie,Mama Bears,Mama Bears,0,2022,\N,90.0,Documentary,7.7,85,1,"[85.0,0.0,2022.0,90.0]"
tt10407924,movie,Dissonantes,Dissonantes,0,2022,\N,95.0,Comedy,6.1,55,0,"[55.0,0.0,2022.0,95.0]"
tt10430844,movie,Honest to God,Honest to God,0,2022,\N,118.0,Comedy,4.8,84,0,"[84.0,0.0,2022.0,118.0]"
tt10450832,movie,Jack London's Martin Eden,Martin Eden,0,2021,\N,103.0,Drama,7.4,75,0,"[75.0,0.0,2021.0,103.0]"
tt10466340,movie,Me casé con un idiota,Me casé con un idiota,0,2022,\N,120.0,Comedy,5.1,73,0,"[73.0,0.0,2022.0,120.0]"
tt10471376,movie,Girls Don't Cry,Le ragazze non piangono,0,2022,\N,105.0,Drama,6.8,88,0,"[88.0,0.0,2022.0,105.0]"
tt10504026,movie,Women in Black,Women in Black,0,2023,\N,112.0,Comedy,7.1,59,0,"[59.0,0.0,2023.0,112.0]"
tt10536638,movie,Stand Up,Stand Up,0,2021,\N,89.0,Comedy,6.4,65,0,"[65.0,0.0,2021.0,89.0]"
tt1056128,movie,Shut Up and Ride,Shut Up and Ride,0,2022,\N,93.0,Documentary,9.2,50,1,"[50.0,0.0,2022.0,93.0]"
tt10583596,movie,Skin of Glass,Skin of Glass,0,2023,\N,90.0,Documentary,7.8,66,1,"[66.0,0.0,2023.0,90.0]"
tt10600902,movie,Women Behind the Wheel,Women Behind the Wheel,0,2022,\N,96.0,Documentary,7.4,50,0,"[50.0,0.0,2022.0,96.0]"
tt10646310,movie,Wings Over Water,Wings Over Water,0,2022,\N,45.0,Documentary,8.4,50,1,"[50.0,0.0,2022.0,45.0]"
tt10653008,movie,Tarrac,Tarrac,0,2022,\N,96.0,Drama,7.3,79,0,"[79.0,0.0,2022.0,96.0]"
tt10674504,movie,Field of Blood,Campo de Sangue,0,2022,\N,87.0,Drama,4.7,57,0,"[57.0,0.0,2022.0,87.0]"
tt10687016,movie,Asbury Park,Asbury Park,0,2021,\N,117.0,Drama,5.8,82,0,"[82.0,0.0,2021.0,117.0]"
tt10689780,movie,Totem,Totem,0,2021,\N,72.0,Comedy,5.3,74,0,"[74.0,0.0,2021.0,72.0]"
tt10697680,movie,The Human Solution,The Human Solution,0,2021,\N,100.0,Drama,7.2,58,0,"[58.0,0.0,2021.0,100.0]"
tt10703554,movie,The Book of Harth,The Book of Harth,0,2022,\N,62.0,Documentary,9.6,58,1,"[58.0,0.0,2022.0,62.0]"
tt10768264,movie,The Horizon,L'horizon,0,2021,\N,85.0,Drama,5.9,81,0,"[81.0,0.0,2021.0,85.0]"
tt10788416,movie,The Rain Bride,The Rain Bride,0,2022,\N,97.0,Drama,6.0,76,0,"[76.0,0.0,2022.0,97.0]"
tt10845302,movie,Guththila,Guththila,0,2023,\N,92.27826086956522,Drama,8.1,76,1,"[76.0,0.0,2023.0,92.27826086956522]"
tt10883194,movie,Cornered,Cornered,0,2021,\N,86.0,Drama,6.2,65,0,"[65.0,0.0,2021.0,86.0]"
tt10889948,movie,You Are Not a Soldier,You Are Not a Soldier,0,2021,\N,110.0,Documentary,7.9,61,1,"[61.0,0.0,2021.0,110.0]"
tt10892194,movie,Surprise Trip,Surprise Trip,0,2022,\N,97.0,Comedy,4.4,89,0,"[89.0,0.0,2022.0,97.0]"
tt10916568,movie,Siblings,Sisarukset,0,2023,\N,122.0,Drama,5.8,82,0,"[82.0,0.0,2023.0,122.0]"
tt10920562,movie,Under Spanish Skies,Under Spanish Skies,0,2022,\N,89.0,Drama,7.6,74,1,"[74.0,0.0,2022.0,89.0]"
tt10938882,movie,Love Doll,Love Doll,0,2022,\N,92.27826086956522,Comedy,7.7,59,1,"[59.0,0.0,2022.0,92.27826086956522]"
tt1099209,movie,Silent Life: The Story of the Lady in Black,Silent Life: The Story of the Lady in Black,0,2023,\N,80.0,Drama,6.2,66,0,"[66.0,0.0,2023.0,80.0]"
tt11009646,movie,Isthmus,Isthmus,0,2021,\N,74.0,Drama,6.1,71,0,"[71.0,0.0,2021.0,74.0]"
tt11011206,movie,Suffocated,Suffocated,0,2022,\N,78.0,Drama,3.7,68,0,"[68.0,0.0,2022.0,78.0]"
tt11082146,movie,Dante's Heaven,Dante's Heaven,0,2021,\N,112.0,Drama,6.7,63,0,"[63.0,0.0,2021.0,112.0]"
tt11090276,movie,He's Dead & So Am I,He's Dead & So Am I,0,2023,\N,86.0,Comedy,5.9,73,0,"[73.0,0.0,2023.0,86.0]"
tt11106034,movie,Knitting,O Novelo,0,2021,\N,95.0,Drama,7.0,76,0,"[76.0,0.0,2021.0,95.0]"
tt11162180,movie,Un-resolved,Un-resolved,0,2022,\N,167.0,Drama,8.3,76,1,"[76.0,0.0,2022.0,167.0]"
tt11179000,movie,A Mother's Touch,A Mother's Touch,0,2022,\N,92.27826086956522,Drama,7.6,60,1,"[60.0,0.0,2022.0,92.27826086956522]"
tt11214950,movie,Il cacio con le pere,Il cacio con le pere,0,2023,\N,92.27826086956522,Comedy,5.9,70,0,"[70.0,0.0,2023.0,92.27826086956522]"
tt11279448,movie,The Blonde Experiment,The Blonde Experiment,0,2022,\N,85.0,Comedy,7.1,53,0,"[53.0,0.0,2022.0,85.0]"
tt11294544,movie,Lo invisible,Lo invisible,0,2021,\N,83.0,Drama,6.1,85,0,"[85.0,0.0,2021.0,83.0]"
tt11300696,movie,Mister Sister,Mister Sister,0,2021,\N,108.0,Comedy,7.3,57,0,"[57.0,0.0,2021.0,108.0]"
tt11318086,movie,The Fall of the Queens,Cómo mueren las reinas,0,2021,\N,83.0,Drama,5.4,67,0,"[67.0,0.0,2021.0,83.0]"
tt11328126,movie,Memoirs of a Black Girl,Memoirs of a Snitch,0,2021,\N,76.0,Drama,5.1,72,0,"[72.0,0.0,2021.0,76.0]"
tt11337654,movie,Estación catorce,Estación catorce,0,2021,\N,87.0,Drama,6.8,65,0,"[65.0,0.0,2021.0,87.0]"
tt11348498,movie,A Wolfpack Called Ernesto,Una jauría llamada Ernesto,0,2023,\N,81.0,Documentary,7.1,63,0,"[63.0,0.0,2023.0,81.0]"
tt11350286,movie,Khökhö,Khökhö,0,2021,\N,124.0,Drama,9.2,85,1,"[85.0,0.0,2021.0,124.0]"
tt11368534,movie,Junho,Junho,0,2021,\N,104.0,Drama,9.4,52,1,"[52.0,0.0,2021.0,104.0]"
tt11379380,tvMovie,Going to Pot: The High & Low of It,Going to Pot: The High & Low of It,0,2021,\N,72.0,Documentary,6.3,82,0,"[82.0,0.0,2021.0,72.0]"
tt11419488,movie,Sharaf,Sharaf,0,2021,\N,95.0,Drama,6.9,70,0,"[70.0,0.0,2021.0,95.0]"
tt11432534,movie,Joke Man,Joke Man,0,2023,\N,92.27826086956522,Documentary,6.6,64,0,"[64.0,0.0,2023.0,92.27826086956522]"
tt11460290,movie,Patria,Pátria,0,2023,\N,81.0,Drama,4.8,70,0,"[70.0,0.0,2023.0,81.0]"
tt11469884,movie,Palazzo Di Cozzo,Palazzo Di Cozzo,0,2021,\N,86.0,Documentary,7.0,76,0,"[76.0,0.0,2021.0,86.0]"
tt11496160,movie,Rekindling,Rekindling,0,2022,\N,89.0,Drama,8.9,55,1,"[55.0,0.0,2022.0,89.0]"
tt11533464,movie,The Right Girls,The Right Girls,0,2021,\N,84.0,Documentary,5.1,63,0,"[63.0,0.0,2021.0,84.0]"
tt11611416,movie,The Last Temptation of the Belgians,La dernière tentation des Belges,0,2021,\N,76.0,Comedy,6.0,57,0,"[57.0,0.0,2021.0,76.0]"
tt11633840,movie,Bottle Conditioned,Bottle Conditioned,0,2023,\N,82.0,Documentary,9.0,57,1,"[57.0,0.0,2023.0,82.0]"
tt11639966,movie,Peace in the Valley,Peace in the Valley,0,2022,\N,88.0,Drama,6.3,87,0,"[87.0,0.0,2022.0,88.0]"
tt11654554,movie,The Fragile King,The Fragile King,0,2022,\N,90.0,Drama,6.2,57,0,"[57.0,0.0,2022.0,90.0]"
tt11660572,movie,Bridges,Bridges,0,2021,\N,81.0,Drama,4.5,53,0,"[53.0,0.0,2021.0,81.0]"
tt11682642,movie,Sparkling: The Story of Champagne,Sparkling: The Story of Champagne,0,2021,\N,88.0,Documentary,5.7,53,0,"[53.0,0.0,2021.0,88.0]"
tt11690150,movie,Hood River,Hood River,0,2021,\N,81.0,Documentary,6.6,55,0,"[55.0,0.0,2021.0,81.0]"
tt11691034,movie,Surviving Sex Trafficking,Surviving Sex Trafficking,0,2021,\N,70.0,Documentary,7.2,72,0,"[72.0,0.0,2021.0,70.0]"
tt11694776,movie,Los Dias Que No Estuve,Los Dias Que No Estuve,0,2021,\N,94.0,Drama,6.4,60,0,"[60.0,0.0,2021.0,94.0]"
tt11703882,movie,A Long Break,Didi shesveneba,0,2022,\N,110.0,Drama,6.7,78,0,"[78.0,0.0,2022.0,110.0]"
tt11718596,movie,The Covenant,The Covenant,0,2023,\N,95.0,Drama,7.1,70,0,"[70.0,0.0,2023.0,95.0]"
tt11720140,movie,Teri Meri Gal Ban Gayi,Teri Meri Gal Ban Gayi,0,2022,\N,144.0,Drama,6.6,82,0,"[82.0,0.0,2022.0,144.0]"
tt11737778,movie,Anbulla Ghilli,Anbulla Ghilli,0,2022,\N,92.27826086956522,Comedy,7.1,58,0,"[58.0,0.0,2022.0,92.27826086956522]"
tt11777570,movie,Deadlock,Zastoj,0,2021,\N,87.0,Drama,6.7,68,0,"[68.0,0.0,2021.0,87.0]"
tt11782684,movie,Convalescent,Convaleciente,0,2021,\N,108.0,Drama,8.7,72,1,"[72.0,0.0,2021.0,108.0]"
tt11783360,movie,Inès,Inès,0,2021,\N,89.0,Drama,4.7,50,0,"[50.0,0.0,2021.0,89.0]"
tt11827790,movie,Beyond Ed Buck,Beyond Ed Buck,0,2022,\N,92.27826086956522,Documentary,5.6,61,0,"[61.0,0.0,2022.0,92.27826086956522]"
tt11834562,movie,"Labordeta, un hombre sin más","Labordeta, un hombre sin más",0,2022,\N,93.0,Documentary,7.7,61,1,"[61.0,0.0,2022.0,93.0]"
tt11834966,movie,And You Call Yourself a Christian,And You Call Yourself a Christian,0,2022,\N,108.0,Drama,5.2,72,0,"[72.0,0.0,2022.0,108.0]"
tt11854326,movie,Ero in guerra ma non lo sapevo,Ero in guerra ma non lo sapevo,0,2022,\N,93.0,Drama,6.2,85,0,"[85.0,0.0,2022.0,93.0]"
tt11876478,movie,How to Be a Classy Tramp,Hvernig á að vera Klassa Drusla,0,2021,\N,87.0,Comedy,6.9,58,0,"[58.0,0.0,2021.0,87.0]"
tt11921820,movie,Die Grenze,Die Grenze,0,2021,\N,109.0,Drama,6.3,74,0,"[74.0,0.0,2021.0,109.0]"
tt11924374,movie,Shadow,Shadow,0,2021,\N,117.0,Drama,5.7,82,0,"[82.0,0.0,2021.0,117.0]"
tt11939664,movie,Alegría,Alegría,0,2021,\N,105.0,Drama,5.8,57,0,"[57.0,0.0,2021.0,105.0]"
tt11973834,movie,The Art of Incarceration,The Art of Incarceration,0,2021,\N,81.0,Documentary,7.6,61,1,"[61.0,0.0,2021.0,81.0]"
tt11983366,movie,A Tale of Filipino Violence,Isang salaysay ng karahasang Pilipino,0,2022,\N,409.0,Drama,5.1,73,0,"[73.0,0.0,2022.0,409.0]"
tt12036106,movie,Birth of Planet Earth,Birth of Planet Earth,0,2023,\N,50.0,Documentary,6.9,61,0,"[61.0,0.0,2023.0,50.0]"
tt12036676,movie,In Her Name,In Her Name,0,2022,\N,100.0,Drama,7.6,68,1,"[68.0,0.0,2022.0,100.0]"
tt12059228,movie,No Trace,Nulle trace,0,2021,\N,105.0,Drama,6.1,58,0,"[58.0,0.0,2021.0,105.0]"
tt12116082,movie,A Place in the Field,A Place in the Field,0,2022,\N,84.0,Drama,7.0,54,0,"[54.0,0.0,2022.0,84.0]"
tt12158846,movie,Una casa sin cortinas,Una casa sin cortinas,0,2021,\N,92.0,Documentary,7.0,73,0,"[73.0,0.0,2021.0,92.0]"
tt12163034,movie,Killing Kelly,Killing Kelly,0,2021,\N,65.0,Documentary,7.9,75,1,"[75.0,0.0,2021.0,65.0]"
tt12214676,movie,Between the Rains,Between the Rains,0,2023,\N,82.0,Documentary,6.9,74,0,"[74.0,0.0,2023.0,82.0]"
tt12250634,movie,Borrelia Borealis,Borrelia Borealis,0,2021,\N,93.0,Drama,5.8,66,0,"[66.0,0.0,2021.0,93.0]"
tt12304698,movie,Beautiful Helen,Beautiful Helen,0,2022,\N,92.0,Drama,5.6,52,0,"[52.0,0.0,2022.0,92.0]"
tt12307270,movie,Animal/Humano,Animal/Humano,0,2023,\N,92.0,Drama,6.6,51,0,"[51.0,0.0,2023.0,92.0]"
tt12345940,movie,Femi,Femi,0,2022,\N,84.0,Drama,6.0,55,0,"[55.0,0.0,2022.0,84.0]"
tt12362542,movie,God & Salsa,God & Salsa,0,2022,\N,92.27826086956522,Drama,7.0,59,0,"[59.0,0.0,2022.0,92.27826086956522]"
tt12370388,movie,Stamps Back,Stamps Back,0,2022,\N,92.27826086956522,Documentary,9.4,61,1,"[61.0,0.0,2022.0,92.27826086956522]"
tt12386022,movie,Afterwater,Afterwater,0,2022,\N,93.0,Drama,5.2,70,0,"[70.0,0.0,2022.0,93.0]"
tt12401140,movie,Gunned Down,Gunned Down,0,2021,\N,94.0,Drama,4.2,55,0,"[55.0,0.0,2021.0,94.0]"
tt12405432,movie,Imagining the Indian,Imagining the Indian,0,2022,\N,95.0,Documentary,3.3,74,0,"[74.0,0.0,2022.0,95.0]"
tt12422964,tvMovie,Sportabzeichen für Anfänger,Sportabzeichen für Anfänger,0,2021,\N,89.0,Comedy,5.1,78,0,"[78.0,0.0,2021.0,89.0]"
tt12463774,movie,Doug and the Slugs & Me,Doug and the Slugs & Me,0,2022,\N,88.0,Documentary,7.7,62,1,"[62.0,0.0,2022.0,88.0]"
tt12473772,movie,Stale Popcorn and Sticky Floors,Stale Popcorn and Sticky Floors,0,2023,\N,90.0,Documentary,5.5,85,0,"[85.0,0.0,2023.0,90.0]"
tt12478372,movie,Devdas Brothers,Devdas Brothers,0,2021,\N,99.0,Drama,3.2,63,0,"[63.0,0.0,2021.0,99.0]"
tt12483148,movie,The High Frontier: The Untold Story of Gerard K. O'Neill,The High Frontier: The Untold Story of Gerard K. O'Neill,0,2021,\N,88.0,Documentary,7.5,71,0,"[71.0,0.0,2021.0,88.0]"
tt12508088,tvMovie,Das Versprechen,Das Versprechen,0,2021,\N,89.0,Drama,6.6,52,0,"[52.0,0.0,2021.0,89.0]"
tt12526660,movie,Defend Your Name,Garder ton nom,0,2023,\N,97.0,Drama,6.3,68,0,"[68.0,0.0,2023.0,97.0]"
tt12547798,movie,Cut,Corte,0,2023,\N,74.0,Drama,4.1,51,0,"[51.0,0.0,2023.0,74.0]"
tt12575978,movie,Match Struck,Match Struck,0,2023,\N,92.27826086956522,Drama,4.7,64,0,"[64.0,0.0,2023.0,92.27826086956522]"
tt12608168,movie,You Married Dat,You Married Dat,0,2022,\N,114.0,Comedy,8.6,64,1,"[64.0,0.0,2022.0,114.0]"
tt12617484,movie,Wuhan Wuhan,Wuhan Wuhan,0,2021,\N,90.0,Documentary,6.9,88,0,"[88.0,0.0,2021.0,90.0]"
tt12625936,movie,Whispers of War,Stille Post,0,2021,\N,95.0,Drama,6.6,65,0,"[65.0,0.0,2021.0,95.0]"
tt12630014,movie,Busco novia,Busco novia,0,2021,\N,84.0,Comedy,4.9,71,0,"[71.0,0.0,2021.0,84.0]"
tt12684838,movie,Naufragi,Naufragi,0,2021,\N,100.0,Drama,6.3,71,0,"[71.0,0.0,2021.0,100.0]"
tt12698500,movie,At the End of Evin,At the End of Evin,0,2021,\N,78.0,Drama,6.6,52,0,"[52.0,0.0,2021.0,78.0]"
tt12708250,movie,Brand Bollywood,Brand Bollywood,0,2023,\N,93.0,Documentary,9.1,53,1,"[53.0,0.0,2023.0,93.0]"
tt12741730,movie,Karona,Karona,0,2021,\N,92.27826086956522,Comedy,7.0,66,0,"[66.0,0.0,2021.0,92.27826086956522]"
tt12741924,movie,For the Love of Catch,For the Love of Catch,0,2022,\N,92.27826086956522,Documentary,8.4,56,1,"[56.0,0.0,2022.0,92.27826086956522]"
tt12745024,movie,A Perfect Day for Caribou,A Perfect Day for Caribou,0,2022,\N,95.0,Drama,7.3,75,0,"[75.0,0.0,2022.0,95.0]"
tt12762788,movie,Box of Rain,Box of Rain,0,2022,\N,78.0,Documentary,8.1,58,1,"[58.0,0.0,2022.0,78.0]"
tt12794950,movie,Mise au vert,Mise au vert,0,2022,\N,94.0,Comedy,5.0,88,0,"[88.0,0.0,2022.0,94.0]"
tt12805870,movie,Rhino Express,Rhino Express,0,2022,\N,129.0,Comedy,8.4,55,1,"[55.0,0.0,2022.0,129.0]"
tt12856188,movie,Carter Family Reunion,The Carters Family Reunion,0,2021,\N,80.0,Comedy,3.2,71,0,"[71.0,0.0,2021.0,80.0]"
tt12866158,movie,Erzurumlu Mümessil,Erzurumlu Mümessil,0,2022,\N,121.0,Comedy,6.5,74,0,"[74.0,0.0,2022.0,121.0]"
tt12868504,tvMovie,Man kann nicht alles haben,Man kann nicht alles haben,0,2021,\N,92.27826086956522,Comedy,5.4,65,0,"[65.0,0.0,2021.0,92.27826086956522]"
tt12881560,movie,Na tebe soshyolsya klinom belyy svet,Na tebe soshyolsya klinom belyy svet,0,2022,\N,91.0,Drama,5.0,58,0,"[58.0,0.0,2022.0,91.0]"
tt12923754,movie,Retreat,Réduit,0,2022,\N,82.0,Drama,6.5,57,0,"[57.0,0.0,2022.0,82.0]"
tt12927342,movie,Heavy,Heavy,0,2021,\N,92.27826086956522,Drama,5.7,85,0,"[85.0,0.0,2021.0,92.27826086956522]"
tt12933568,movie,Legacy of Love,Legacy of Love,0,2021,\N,86.0,Drama,5.9,68,0,"[68.0,0.0,2021.0,86.0]"
tt12980536,movie,I'm Too Old for This Sh*t: A Heavy Metal Fairy Tale,I'm Too Old for This Sh*t: A Heavy Metal Fairy Tale,0,2021,\N,89.0,Documentary,7.4,52,0,"[52.0,0.0,2021.0,89.0]"
tt12987126,movie,Bizum Hoca 2,Bizum Hoca 2,0,2021,\N,94.0,Comedy,4.2,67,0,"[67.0,0.0,2021.0,94.0]"
tt12991664,movie,Soula,Soula,0,2021,\N,92.0,Drama,7.8,70,1,"[70.0,0.0,2021.0,92.0]"
tt13006472,movie,Tequila Re-Pasado,Tequila RePasado,0,2023,\N,95.0,Comedy,4.7,90,0,"[90.0,0.0,2023.0,95.0]"
tt13009266,movie,Jivan Aakhyan,Jivan Aakhyan,0,2021,\N,148.0,Drama,8.8,77,1,"[77.0,0.0,2021.0,148.0]"
tt13013204,movie,Shoebox,Shoebox,0,2021,\N,98.0,Drama,8.6,63,1,"[63.0,0.0,2021.0,98.0]"
tt13027206,movie,Don't Waste Your Pretty,Don't Waste Your Pretty,0,2021,\N,89.0,Drama,8.0,89,1,"[89.0,0.0,2021.0,89.0]"
tt13045980,movie,An Angelic Christmas,An Angelic Christmas,0,2022,\N,92.27826086956522,Drama,7.7,74,1,"[74.0,0.0,2022.0,92.27826086956522]"
tt13055958,movie,Two,Shtaim,0,2021,\N,80.0,Drama,6.2,59,0,"[59.0,0.0,2021.0,80.0]"
tt13073848,movie,The Face of Anonymous,The Face of Anonymous,0,2021,\N,87.0,Documentary,6.1,75,0,"[75.0,0.0,2021.0,87.0]"
tt13074604,movie,The Families Feud,The Families Feud,0,2023,\N,90.0,Comedy,5.8,65,0,"[65.0,0.0,2023.0,90.0]"
tt13098066,movie,When Men Were Men,When Men Were Men,0,2021,\N,96.0,Drama,7.2,53,0,"[53.0,0.0,2021.0,96.0]"
tt13099434,movie,NGFL: Nice Guys Finish Last,NGFL: Nice Guys Finish Last,0,2022,\N,92.27826086956522,Comedy,8.3,63,1,"[63.0,0.0,2022.0,92.27826086956522]"
tt13154148,movie,BERG,Berg,0,2021,\N,79.0,Documentary,7.3,52,0,"[52.0,0.0,2021.0,79.0]"
tt13161934,movie,PR,PR,0,2022,\N,135.0,Drama,7.4,62,0,"[62.0,0.0,2022.0,135.0]"
tt13174204,movie,The Last Show,The Last Show,0,2021,\N,92.27826086956522,Drama,5.0,76,0,"[76.0,0.0,2021.0,92.27826086956522]"
tt13188058,movie,Ringside,Ringside,0,2023,\N,120.0,Drama,6.4,69,0,"[69.0,0.0,2023.0,120.0]"
tt13191918,movie,The Farm,The Farm,0,2023,\N,89.0,Drama,5.7,50,0,"[50.0,0.0,2023.0,89.0]"
tt13205094,movie,Disco Ruin,Disco Ruin,0,2021,\N,115.0,Documentary,7.1,53,0,"[53.0,0.0,2021.0,115.0]"
tt13231034,movie,Code Name: Nagasaki,Kodenavn: Nagasaki,0,2021,\N,70.0,Documentary,6.7,81,0,"[81.0,0.0,2021.0,70.0]"
tt13236726,movie,An Intervention,An Intervention,0,2021,\N,100.0,Comedy,7.9,66,1,"[66.0,0.0,2021.0,100.0]"
tt13244426,movie,Svedsko srce moje majke,Svedsko srce moje majke,0,2021,\N,88.0,Drama,6.9,51,0,"[51.0,0.0,2021.0,88.0]"
tt13266270,movie,All We Got,All We Got,0,2021,\N,101.0,Drama,5.4,59,0,"[59.0,0.0,2021.0,101.0]"
tt13267142,movie,Natura Umana,Natura Umana,0,2021,\N,139.0,Documentary,9.2,82,1,"[82.0,0.0,2021.0,139.0]"
tt13268264,movie,The Children in the Pictures,The Children in the Pictures,0,2021,\N,84.0,Documentary,8.1,57,1,"[57.0,0.0,2021.0,84.0]"
tt13270388,movie,Vasanthi,Vasanthi,0,2021,\N,121.0,Drama,6.2,56,0,"[56.0,0.0,2021.0,121.0]"
tt13273264,movie,The Diabetes Solution,The Diabetes Solution,0,2021,\N,92.27826086956522,Documentary,7.0,62,0,"[62.0,0.0,2021.0,92.27826086956522]"
tt13274182,movie,As Real As You Make It,As Real as You Make It,0,2022,\N,90.0,Comedy,6.9,88,0,"[88.0,0.0,2022.0,90.0]"
tt13276440,movie,Hostile,Hostile,0,2022,\N,98.0,Documentary,7.9,79,1,"[79.0,0.0,2022.0,98.0]"
tt13310354,movie,Oklahoma Mon Amour,Oklahoma Mon Amour,0,2021,\N,70.0,Drama,7.3,53,0,"[53.0,0.0,2021.0,70.0]"
tt13317068,movie,Bizarre Again,Bizarre Again,0,2022,\N,110.0,Drama,5.5,63,0,"[63.0,0.0,2022.0,110.0]"
tt13318084,movie,Düs Pesine,Düs Pesine,0,2022,\N,92.27826086956522,Comedy,4.4,85,0,"[85.0,0.0,2022.0,92.27826086956522]"
tt13323300,movie,Army Baby,Army Baby,0,2022,\N,95.0,Comedy,5.3,73,0,"[73.0,0.0,2022.0,95.0]"
tt13327864,movie,Crop Circle Realities,Crop Circle Realities,0,2021,\N,67.0,Documentary,7.4,75,0,"[75.0,0.0,2021.0,67.0]"
tt13338980,movie,All for Her,All for Her,0,2021,\N,82.0,Drama,6.0,86,0,"[86.0,0.0,2021.0,82.0]"
tt13350138,movie,Three Birthdays,Three Birthdays,0,2023,\N,90.0,Drama,5.8,84,0,"[84.0,0.0,2023.0,90.0]"
tt13357602,movie,An American Zealot,An American Zealot,0,2021,\N,90.0,Drama,4.9,64,0,"[64.0,0.0,2021.0,90.0]"
tt13399534,movie,Run,Run,0,2022,\N,90.0,Drama,4.7,50,0,"[50.0,0.0,2022.0,90.0]"
tt13410132,movie,Pretenders,Pretenders,0,2021,\N,87.0,Comedy,5.5,66,0,"[66.0,0.0,2021.0,87.0]"
tt13454112,movie,Akyn,Akyn,0,2021,\N,105.0,Drama,6.1,89,0,"[89.0,0.0,2021.0,105.0]"
tt13458080,movie,Liam White: The Forgettable Life of Liam White,Liam White: The Forgettable Life of Liam White,0,2021,\N,87.0,Drama,7.9,53,1,"[53.0,0.0,2021.0,87.0]"
tt13460584,movie,Makeup,Makeup,0,2023,\N,90.0,Drama,8.6,58,1,"[58.0,0.0,2023.0,90.0]"
tt13465006,movie,El-Thulatha 12,El-Thulatha 12,0,2021,\N,118.0,Drama,6.3,78,0,"[78.0,0.0,2021.0,118.0]"
tt13492278,tvMovie,Sleepless in Portugal,Alte Freunde,0,2021,\N,88.0,Drama,6.0,66,0,"[66.0,0.0,2021.0,88.0]"
tt13498862,movie,Robin Bank,Robin Bank,0,2022,\N,80.0,Documentary,6.7,63,0,"[63.0,0.0,2022.0,80.0]"
tt13529482,movie,Overall Planning,Ri bu luo jiu dian,0,2021,\N,106.0,Comedy,3.5,56,0,"[56.0,0.0,2021.0,106.0]"
tt13534702,movie,Amy and Peter Are Getting Divorced,Amy and Peter Are Getting Divorced,0,2021,\N,86.0,Comedy,4.4,65,0,"[65.0,0.0,2021.0,86.0]"
tt13534934,movie,Give Up the Ghost,Give Up the Ghost,0,2021,\N,77.0,Drama,5.6,52,0,"[52.0,0.0,2021.0,77.0]"
tt13535964,movie,Malibú,Malibú,0,2021,\N,108.0,Drama,5.7,73,0,"[73.0,0.0,2021.0,108.0]"
tt13550508,movie,The Game Is Up: Disillusioned Trump Voters Tell Their Stories,The Game Is Up: Disillusioned Trump Voters Tell Their Stories,0,2022,\N,113.0,Documentary,8.6,84,1,"[84.0,0.0,2022.0,113.0]"
tt13583466,movie,The Eternal Moment,"Sergio Larrain, el instante eterno",0,2022,\N,90.0,Documentary,7.6,64,1,"[64.0,0.0,2022.0,90.0]"
tt13591918,movie,For Hannah,For Hannah,0,2021,\N,92.27826086956522,Drama,5.8,79,0,"[79.0,0.0,2021.0,92.27826086956522]"
tt13593766,movie,The Godfather Buck,The Godfather Buck,0,2022,\N,125.0,Drama,4.5,81,0,"[81.0,0.0,2022.0,125.0]"
tt13595882,movie,Suga Babies,Suga Babies,0,2021,\N,77.0,Drama,2.6,65,0,"[65.0,0.0,2021.0,77.0]"
tt13612544,movie,Diversamente,Diversamente,0,2021,\N,85.0,Comedy,4.2,53,0,"[53.0,0.0,2021.0,85.0]"
tt13621824,movie,Good Savage,Good Savage,0,2023,\N,107.0,Comedy,6.4,69,0,"[69.0,0.0,2023.0,107.0]"
tt13624624,movie,The Wire,The Wire,0,2021,\N,75.0,Documentary,7.2,75,0,"[75.0,0.0,2021.0,75.0]"
tt13649566,movie,All About My Mother,Guan yu wo ma de yi qie,0,2021,\N,120.0,Drama,6.5,89,0,"[89.0,0.0,2021.0,120.0]"
tt13656056,movie,El color del cielo,El color del cielo,0,2022,\N,86.0,Drama,5.8,53,0,"[53.0,0.0,2022.0,86.0]"
tt13660090,movie,Sancocho presidencial,Sancocho presidencial,0,2021,\N,90.0,Comedy,7.8,51,1,"[51.0,0.0,2021.0,90.0]"
tt13660896,movie,Anna,Anna,0,2023,\N,119.0,Drama,7.1,83,0,"[83.0,0.0,2023.0,119.0]"
tt13683098,movie,The Old Mans Dog,Cau Vang,0,2021,\N,96.0,Drama,3.3,84,0,"[84.0,0.0,2021.0,96.0]"
tt13688748,movie,Is Mindfulness Right for You?,Is Mindfulness Right for You?,0,2021,\N,81.0,Documentary,6.5,72,0,"[72.0,0.0,2021.0,81.0]"
tt13710918,movie,Ameera,Ameera,0,2021,\N,91.0,Drama,5.8,90,0,"[90.0,0.0,2021.0,91.0]"
tt13751700,tvMovie,Saturday Knight Takeaway,Saturday Knight Takeaway,0,2021,\N,25.0,Comedy,6.2,50,0,"[50.0,0.0,2021.0,25.0]"
tt13800230,movie,Connecting Flights,Connecting Flights,0,2021,\N,95.0,Drama,7.2,70,0,"[70.0,0.0,2021.0,95.0]"
tt13802544,movie,LasVegas,LasVegas,0,2023,\N,98.0,Drama,6.7,60,0,"[60.0,0.0,2023.0,98.0]"
tt13806424,movie,By the Grace of...,By the Grace of...,0,2021,\N,89.0,Drama,6.7,50,0,"[50.0,0.0,2021.0,89.0]"
tt13810700,movie,Seflerin Sefi,Seflerin Sefi,0,2021,\N,118.0,Comedy,5.0,79,0,"[79.0,0.0,2021.0,118.0]"
tt13821398,tvMovie,Mich hat keiner gefragt,Mich hat keiner gefragt,0,2021,\N,88.0,Comedy,5.5,52,0,"[52.0,0.0,2021.0,88.0]"
tt13830516,movie,Locked In,Fermati qui,0,2022,\N,92.27826086956522,Drama,5.1,60,0,"[60.0,0.0,2022.0,92.27826086956522]"
tt13839536,movie,Hurricane F.Y.T.,L'Ouragan F.Y.T.,0,2023,\N,110.0,Drama,7.3,87,0,"[87.0,0.0,2023.0,110.0]"
tt13847298,movie,Wes Is Dying,Wes Schlagenhauf Is Dying,0,2022,\N,78.0,Comedy,6.6,50,0,"[50.0,0.0,2022.0,78.0]"
tt13848044,movie,Luchadoras,Luchadoras,0,2021,\N,93.0,Documentary,6.7,79,0,"[79.0,0.0,2021.0,93.0]"
tt13848204,movie,The Day and the Night,Il giorno e la notte,0,2021,\N,98.0,Drama,6.1,55,0,"[55.0,0.0,2021.0,98.0]"
tt13859800,tvMovie,Das Boot: Welterfolg aus der Tiefe,Das Boot: Welterfolg aus der Tiefe,0,2021,\N,54.0,Documentary,7.5,62,0,"[62.0,0.0,2021.0,54.0]"
tt13863404,movie,Outbreak: The Virus That Shook the World,Outbreak: The Virus That Shook the World,0,2021,\N,80.0,Documentary,5.7,74,0,"[74.0,0.0,2021.0,80.0]"
tt13872498,movie,Oasis of Now,Oasis of Now,0,2023,\N,90.0,Drama,6.0,68,0,"[68.0,0.0,2023.0,90.0]"
tt13878548,movie,Smile or Hug,Smile or Hug,0,2022,\N,77.0,Comedy,5.6,70,0,"[70.0,0.0,2022.0,77.0]"
tt13882316,movie,Who Owns My Village?,Wem gehört mein Dorf?,0,2021,\N,96.0,Documentary,7.7,58,1,"[58.0,0.0,2021.0,96.0]"
tt13885330,movie,Charlie,Charlie,0,2022,\N,93.0,Drama,6.9,50,0,"[50.0,0.0,2022.0,93.0]"
tt13886100,tvMovie,Katie Price: Harvey and Me,Katie Price: Harvey and Me,0,2021,\N,58.0,Documentary,7.3,58,0,"[58.0,0.0,2021.0,58.0]"
tt13889482,movie,Adam + Eve,Adam + Eve,0,2022,\N,120.0,Drama,7.1,76,0,"[76.0,0.0,2022.0,120.0]"
tt13904494,movie,The Sodomite Deception,The Sodomite Deception,0,2021,\N,201.0,Documentary,5.5,58,0,"[58.0,0.0,2021.0,201.0]"
tt13915640,movie,The Male Gaze: Hide and Seek,The Male Gaze: Hide and Seek,0,2021,\N,92.0,Drama,6.3,69,0,"[69.0,0.0,2021.0,92.0]"
tt13917134,movie,Big Red Envelope,Da hong bao,0,2021,\N,122.0,Comedy,4.6,82,0,"[82.0,0.0,2021.0,122.0]"
tt13926778,movie,Ghosts of Nusaybin,Nusaybin Cinleri,0,2021,\N,45.0,Documentary,4.4,64,0,"[64.0,0.0,2021.0,45.0]"
tt13927206,movie,En Algún Sitio,En Algún Sitio,0,2021,\N,130.0,Drama,5.3,80,0,"[80.0,0.0,2021.0,130.0]"
tt13932848,movie,Aliens vs. Bigfoot,Aliens vs. Bigfoot,0,2021,\N,77.0,Documentary,5.1,50,0,"[50.0,0.0,2021.0,77.0]"
tt13938062,movie,L'afide e la formica,L'afide e la formica,0,2021,\N,90.0,Drama,6.7,68,0,"[68.0,0.0,2021.0,90.0]"
tt13962432,movie,Going Om,Going Om,0,2021,\N,92.27826086956522,Documentary,7.3,53,0,"[53.0,0.0,2021.0,92.27826086956522]"
tt13964052,movie,Creature from Big Muddy: An Illinois Bigfoot Legend,Creature from Big Muddy: An Illinois Bigfoot Legend,0,2021,\N,63.0,Documentary,5.7,55,0,"[55.0,0.0,2021.0,63.0]"
tt13970824,movie,Walk the Tideline,Meren tuomat,0,2021,\N,56.0,Documentary,6.6,69,0,"[69.0,0.0,2021.0,56.0]"
tt13972930,movie,Heavy Duty Lovers,Heavy Duty Lovers,0,2021,\N,106.0,Comedy,4.7,52,0,"[52.0,0.0,2021.0,106.0]"
tt13973404,movie,Zuhur's Daughters,Zuhurs Töchter,0,2021,\N,89.0,Documentary,7.1,58,0,"[58.0,0.0,2021.0,89.0]"
tt13991372,movie,Los Plebes,Los Plebes,0,2021,\N,75.0,Documentary,6.2,50,0,"[50.0,0.0,2021.0,75.0]"
tt14006632,movie,One with the Whale,One with the Whale,0,2023,\N,90.0,Documentary,7.7,71,1,"[71.0,0.0,2023.0,90.0]"
tt14011882,movie,Roger Federer. The Reunion.,Roger Federer. The Reunion.,0,2021,\N,92.27826086956522,Documentary,7.4,72,0,"[72.0,0.0,2021.0,92.27826086956522]"
tt14017116,movie,We Are Gathered Here Today,We Are Gathered Here Today,0,2022,\N,74.0,Drama,5.7,50,0,"[50.0,0.0,2022.0,74.0]"
tt14021436,movie,Stendap pod prikrytiyem,Stendap pod prikrytiyem,0,2021,\N,90.0,Comedy,4.9,68,0,"[68.0,0.0,2021.0,90.0]"
tt14022920,movie,Slam,Derrapada,0,2022,\N,103.0,Drama,7.0,56,0,"[56.0,0.0,2022.0,103.0]"
tt14030552,movie,Kid Candidate,Kid Candidate,0,2021,\N,67.0,Documentary,7.1,63,0,"[63.0,0.0,2021.0,67.0]"
tt14033476,movie,Toscana,Toscana,0,2022,\N,82.0,Comedy,6.1,86,0,"[86.0,0.0,2022.0,82.0]"
tt14036870,movie,Mr. Birthday,Mr. Birthday,0,2021,\N,93.0,Comedy,5.1,83,0,"[83.0,0.0,2021.0,93.0]"
tt14037076,movie,¿Por qué la vida es así?,¿Por qué la vida es así?,0,2022,\N,97.0,Documentary,8.3,72,1,"[72.0,0.0,2022.0,97.0]"
tt14038568,movie,District Terminal,Mantagheye payani,0,2021,\N,117.0,Drama,6.0,79,0,"[79.0,0.0,2021.0,117.0]"
tt14039322,tvMovie,Subnormal,Subnormal,0,2021,\N,59.0,Documentary,5.9,89,0,"[89.0,0.0,2021.0,59.0]"
tt14039944,movie,Holy Dilemma,Holy Dilemma,0,2022,\N,89.0,Documentary,7.3,90,0,"[90.0,0.0,2022.0,89.0]"
tt14040086,tvMovie,Saints & Sinners Judgment Day,Saints & Sinners Judgment Day,0,2021,\N,88.0,Drama,6.5,81,0,"[81.0,0.0,2021.0,88.0]"
tt14043896,movie,Theo and the Metamorphosis,Théo et les métamorphoses,0,2021,\N,96.0,Drama,5.6,86,0,"[86.0,0.0,2021.0,96.0]"
tt14064214,movie,Genderation,Genderation,0,2021,\N,88.0,Documentary,6.2,78,0,"[78.0,0.0,2021.0,88.0]"
tt14067714,movie,Searching for Sasquatch,Searching for Sasquatch,0,2021,\N,45.0,Documentary,5.4,58,0,"[58.0,0.0,2021.0,45.0]"
tt14070996,movie,Hanging on to Love,Hanging on to Love,0,2022,\N,92.27826086956522,Comedy,3.4,64,0,"[64.0,0.0,2022.0,92.27826086956522]"
tt14104764,movie,Delphine's Prayers,Les prières de Delphine,0,2021,\N,90.0,Documentary,7.1,63,0,"[63.0,0.0,2021.0,90.0]"
tt14104780,movie,From the Wild Sea,From the Wild Sea,0,2021,\N,78.0,Documentary,6.6,51,0,"[51.0,0.0,2021.0,78.0]"
tt14117942,movie,5 miljoner steg,5 miljoner steg,0,2021,\N,58.0,Documentary,7.2,55,0,"[55.0,0.0,2021.0,58.0]"
tt14122284,movie,Rock Bottom Riser,Rock Bottom Riser,0,2021,\N,70.0,Documentary,6.4,75,0,"[75.0,0.0,2021.0,70.0]"
tt14142932,movie,Nimmuru,Nimmuru,0,2021,\N,159.0,Drama,8.8,90,1,"[90.0,0.0,2021.0,159.0]"
tt14146670,movie,Charcoal Skies,Charcoal Skies,0,2022,\N,100.0,Drama,7.0,65,0,"[65.0,0.0,2022.0,100.0]"
tt14179602,movie,Inhabitants: An Indigenous Perspective,Inhabitants: An Indigenous Perspective,0,2021,\N,76.0,Documentary,8.5,53,1,"[53.0,0.0,2021.0,76.0]"
tt14187472,movie,For Love,For Love,0,2022,\N,90.0,Documentary,8.3,67,1,"[67.0,0.0,2022.0,90.0]"
tt14200364,movie,Fulci Talks,Fulci Talks,0,2021,\N,80.0,Documentary,6.9,83,0,"[83.0,0.0,2021.0,80.0]"
tt14202596,movie,Jaimen Hudson: From Sky to Sea,Jaimen Hudson: From Sky to Sea,0,2021,\N,90.0,Documentary,9.3,70,1,"[70.0,0.0,2021.0,90.0]"
tt14209306,movie,Avwanchhit,Avwanchhit,0,2021,\N,118.0,Drama,8.5,54,1,"[54.0,0.0,2021.0,118.0]"
tt14210794,movie,Alanti Sitralu,Alanti Sitralu,0,2021,\N,141.0,Drama,7.8,68,1,"[68.0,0.0,2021.0,141.0]"
tt14212580,movie,Fast fashion - Les dessous de la mode à bas prix,Fast fashion - Les dessous de la mode à bas prix,0,2021,\N,92.0,Documentary,7.8,58,1,"[58.0,0.0,2021.0,92.0]"
tt14215872,movie,Mirador,Mirador,0,2021,\N,94.0,Drama,7.5,58,0,"[58.0,0.0,2021.0,94.0]"
tt14219726,movie,70/30,70/30,0,2021,\N,98.0,Documentary,5.8,53,0,"[53.0,0.0,2021.0,98.0]"
tt14246570,movie,Hotel Iris,Hotel Iris,0,2021,\N,100.0,Drama,5.3,77,0,"[77.0,0.0,2021.0,100.0]"
tt14246952,movie,Drifting Snow,Drifting Snow,0,2021,\N,75.0,Drama,4.4,65,0,"[65.0,0.0,2021.0,75.0]"
tt14247490,movie,"Look Away, Look Away","Look Away, Look Away",0,2021,\N,89.0,Documentary,6.0,67,0,"[67.0,0.0,2021.0,89.0]"
tt14264676,movie,Not an Artist,Not an Artist,0,2023,\N,97.0,Comedy,5.6,60,0,"[60.0,0.0,2023.0,97.0]"
tt14266422,movie,Soy libre,Soy libre,0,2021,\N,78.0,Documentary,7.1,69,0,"[69.0,0.0,2021.0,78.0]"
tt14269046,movie,The Girl in the Fountain,The Girl in the Fountain,0,2021,\N,80.0,Documentary,6.9,78,0,"[78.0,0.0,2021.0,80.0]"
tt14273188,tvMovie,Für immer Eltern,Für immer Eltern,0,2021,\N,88.0,Comedy,5.6,90,0,"[90.0,0.0,2021.0,88.0]"
tt14273830,movie,Den Goroda,Den Goroda,0,2021,\N,92.0,Comedy,5.1,70,0,"[70.0,0.0,2021.0,92.0]"
tt14286844,movie,The Children of God,Los niños de Dios,0,2021,\N,69.0,Documentary,5.1,52,0,"[52.0,0.0,2021.0,69.0]"
tt14293072,movie,Blueberry,Blueberry,0,2021,\N,71.0,Drama,5.6,57,0,"[57.0,0.0,2021.0,71.0]"
tt14297014,movie,Leave the Door Open,Leave the Door Open,0,2021,\N,64.0,Documentary,6.7,71,0,"[71.0,0.0,2021.0,64.0]"
tt14302272,movie,Taboo 3 the Unforgettable Act,Taboo 3: The Unforgettable Act,0,2021,\N,83.0,Drama,5.8,63,0,"[63.0,0.0,2021.0,83.0]"
tt14303576,movie,Fly So Far,Fly So Far,0,2021,\N,88.0,Documentary,7.8,66,1,"[66.0,0.0,2021.0,88.0]"
tt14309060,movie,Flaky,Flaky,0,2021,\N,76.0,Drama,5.2,70,0,"[70.0,0.0,2021.0,76.0]"
tt14315102,movie,The Hatcher,Matecznik,0,2022,\N,80.0,Drama,5.5,54,0,"[54.0,0.0,2022.0,80.0]"
tt14316122,movie,Beyond Sixty,Beyond Sixty,0,2021,\N,77.0,Documentary,6.7,58,0,"[58.0,0.0,2021.0,77.0]"
tt14317220,movie,I'm Wanita,I'm Wanita,0,2021,\N,88.0,Documentary,8.1,63,1,"[63.0,0.0,2021.0,88.0]"
tt14317618,movie,Göz Açip Kapayincaya Kadar,Göz Açip Kapayincaya Kadar,0,2021,\N,74.0,Documentary,7.2,79,0,"[79.0,0.0,2021.0,74.0]"
tt14323902,movie,A Film Like This,Um Filme em Forma de Assim,0,2022,\N,101.0,Drama,5.9,84,0,"[84.0,0.0,2022.0,101.0]"
tt14330866,movie,Sundarboner Goppo,Sundarboner Goppo,0,2021,\N,106.0,Drama,7.9,55,1,"[55.0,0.0,2021.0,106.0]"
tt14332684,tvMovie,Extraklasse 2+,Extraklasse 2+,0,2021,\N,89.0,Comedy,5.6,69,0,"[69.0,0.0,2021.0,89.0]"
tt14336298,tvMovie,Generation Por Qué?,Generation Por Qué?,0,2021,\N,30.0,Comedy,7.2,61,0,"[61.0,0.0,2021.0,30.0]"
tt14340808,movie,If I Can't Have You: The Jodi Arias Story,If I Can't Have You: The Jodi Arias Story,0,2021,\N,88.0,Documentary,4.9,50,0,"[50.0,0.0,2021.0,88.0]"
tt14347138,movie,The Day After Quarantine,The Day After Quarantine,0,2021,\N,60.0,Comedy,2.7,66,0,"[66.0,0.0,2021.0,60.0]"
tt14356054,movie,Take My Breath,Take My Breath,0,2023,\N,96.0,Drama,9.1,79,1,"[79.0,0.0,2023.0,96.0]"
tt14366176,movie,Vivo,Vivo,0,2021,\N,80.0,Documentary,7.5,62,0,"[62.0,0.0,2021.0,80.0]"
tt14378408,movie,Gulal.com,Gulal.com,0,2021,\N,111.0,Comedy,8.3,52,1,"[52.0,0.0,2021.0,111.0]"
tt14390548,movie,Balloon Animal,Balloon Animal,0,2022,\N,88.0,Drama,6.0,89,0,"[89.0,0.0,2022.0,88.0]"
tt14401262,movie,Viva Forever,Viva Forever,0,2021,\N,97.0,Drama,6.2,56,0,"[56.0,0.0,2021.0,97.0]"
tt14402806,movie,Kenzeli,Kenzeli,0,2021,\N,109.0,Drama,5.1,58,0,"[58.0,0.0,2021.0,109.0]"
tt14403972,movie,The Right Mom,The Right Mom,0,2021,\N,81.0,Drama,5.3,73,0,"[73.0,0.0,2021.0,81.0]"
tt14406956,movie,Father Pablo,Father Pablo,0,2021,\N,103.0,Drama,6.7,52,0,"[52.0,0.0,2021.0,103.0]"
tt14412532,movie,The Rapist,The Rapist,0,2021,\N,132.0,Drama,6.9,64,0,"[64.0,0.0,2021.0,132.0]"
tt14412588,movie,Coming Home,Die Geschichte einer Familie,0,2023,\N,83.0,Drama,6.2,54,0,"[54.0,0.0,2023.0,83.0]"
tt14418464,movie,The Moon Is Upside Down,The Moon Is Upside Down,0,2023,\N,100.0,Comedy,6.4,81,0,"[81.0,0.0,2023.0,100.0]"
tt14430834,movie,Adult Adoption,Adult Adoption,0,2022,\N,90.0,Drama,7.2,65,0,"[65.0,0.0,2022.0,90.0]"
tt14432822,movie,Ode to the Spring,Ni shi wo de chun tian,0,2022,\N,122.0,Drama,4.4,56,0,"[56.0,0.0,2022.0,122.0]"
tt14439488,tvMovie,Le bruit des trousseaux,Le bruit des trousseaux,0,2021,\N,99.0,Drama,6.6,59,0,"[59.0,0.0,2021.0,99.0]"
tt14439530,movie,Ostrov - Lost Island,Ostrov - Lost Island,0,2021,\N,92.0,Documentary,7.4,83,0,"[83.0,0.0,2021.0,92.0]"
tt14439898,movie,Paraíso,Paraíso,0,2021,\N,84.0,Documentary,7.4,65,0,"[65.0,0.0,2021.0,84.0]"
tt14456288,movie,Alaska,Alaska,0,2023,\N,124.0,Drama,6.5,72,0,"[72.0,0.0,2023.0,124.0]"
tt14465908,movie,Stitch n' Bitch,Saumaklúbburinn,0,2021,\N,80.0,Comedy,5.4,51,0,"[51.0,0.0,2021.0,80.0]"
tt14479860,tvMovie,Chondopoton,Chondopoton,0,2021,\N,38.0,Drama,8.2,71,1,"[71.0,0.0,2021.0,38.0]"
tt14488200,movie,Júpiter,Júpiter,0,2022,\N,99.0,Drama,6.1,68,0,"[68.0,0.0,2022.0,99.0]"
tt14494898,movie,Lokillo: Nothing's the Same,Lokillo Florez: Nothing is the same,0,2021,\N,63.0,Comedy,5.0,68,0,"[68.0,0.0,2021.0,63.0]"
tt14495194,movie,Luccas Neto em: Duas Babás Muito Esquisitas,Luccas Neto em: Duas Babás Muito Esquisitas,0,2021,\N,83.0,Comedy,3.5,59,0,"[59.0,0.0,2021.0,83.0]"
tt14500114,movie,Everything Is Cinema,Everything Is Cinema,0,2021,\N,70.0,Drama,6.5,63,0,"[63.0,0.0,2021.0,70.0]"
tt14501468,movie,The Kids of Santa Fe: The Largest Unknown Mass Shooting,The Kids of Santa Fe: The Largest Unknown Mass Shooting,0,2021,\N,120.0,Documentary,6.7,50,0,"[50.0,0.0,2021.0,120.0]"
tt14506416,movie,VanRakshak,VanRakshak,0,2021,\N,93.0,Drama,7.7,55,1,"[55.0,0.0,2021.0,93.0]"
tt14507178,movie,Behind the Headlines,Behind the Headlines,0,2021,\N,90.0,Documentary,7.5,88,0,"[88.0,0.0,2021.0,90.0]"
tt14507448,movie,Waiting for Godot,Waiting for Godot,0,2021,\N,180.0,Drama,5.7,78,0,"[78.0,0.0,2021.0,180.0]"
tt14513172,movie,Poker Run,Poker Run,0,2021,\N,92.27826086956522,Comedy,6.2,62,0,"[62.0,0.0,2021.0,92.27826086956522]"
tt14518872,movie,Maret,Maret,0,2023,\N,120.0,Drama,5.3,57,0,"[57.0,0.0,2023.0,120.0]"
tt14523164,movie,Tom,Tom,0,2022,\N,87.0,Drama,5.9,62,0,"[62.0,0.0,2022.0,87.0]"
tt14532974,movie,Deadly Passion,Deadly Passion,0,2021,\N,89.0,Drama,6.1,73,0,"[73.0,0.0,2021.0,89.0]"
tt14552446,movie,Lilith's Ball: 7 Deadly Sins,Lilith's Ball: 7 Deadly Sins,0,2022,\N,82.0,Drama,2.5,53,0,"[53.0,0.0,2022.0,82.0]"
tt14552532,movie,Looking for Horses,Looking for Horses,0,2021,\N,88.0,Documentary,7.8,53,1,"[53.0,0.0,2021.0,88.0]"
tt14552724,movie,Julia & I,Julia&Jag,0,2021,\N,80.0,Documentary,7.0,51,0,"[51.0,0.0,2021.0,80.0]"
tt14560726,movie,El Silencio del Topo,El Silencio del Topo,0,2021,\N,91.0,Documentary,7.6,62,1,"[62.0,0.0,2021.0,91.0]"
tt14565248,movie,O Vento Assobiando nas Gruas,O Vento Assobiando nas Gruas,0,2023,\N,93.0,Drama,7.2,54,0,"[54.0,0.0,2023.0,93.0]"
tt14571578,movie,He's My Brother,He's My Brother,0,2021,\N,75.0,Documentary,8.1,51,1,"[51.0,0.0,2021.0,75.0]"
tt14574478,movie,The Last Shelter,Le dernier refuge,0,2021,\N,85.0,Documentary,6.6,74,0,"[74.0,0.0,2021.0,85.0]"
tt14580998,movie,The Goldfish: Dreaming of the Sea,Umibe no kingyo,0,2021,\N,77.0,Drama,5.7,74,0,"[74.0,0.0,2021.0,77.0]"
tt14584478,movie,On the Trail of Bigfoot: The Journey,On the Trail of Bigfoot: The Journey,0,2021,\N,95.0,Documentary,5.6,68,0,"[68.0,0.0,2021.0,95.0]"
tt14588796,movie,Creation is Violent: Anecdotes on Kinski's Final Years,Creation Is Violent: Anecdotes from Kinski's Final Years,0,2021,\N,81.0,Documentary,7.2,70,0,"[70.0,0.0,2021.0,81.0]"
tt14599510,movie,The Other Side of the River,The Other Side of the River,0,2021,\N,98.0,Documentary,6.9,69,0,"[69.0,0.0,2021.0,98.0]"
tt14614698,movie,The Way of Miracles,The Way of Miracles,0,2021,\N,82.0,Documentary,7.7,52,1,"[52.0,0.0,2021.0,82.0]"
tt14620048,movie,Takeaway,Takeaway,0,2022,\N,95.0,Drama,6.2,57,0,"[57.0,0.0,2022.0,95.0]"
tt14623056,movie,Accepted,Accepted,0,2021,\N,92.0,Documentary,7.5,86,0,"[86.0,0.0,2021.0,92.0]"
tt14631426,movie,MOVIE MAN,Corona Film Club,0,2021,\N,82.0,Documentary,6.5,51,0,"[51.0,0.0,2021.0,82.0]"
tt14631532,movie,The Dutch Boys,The Dutch Boys,0,2021,\N,98.0,Drama,6.8,83,0,"[83.0,0.0,2021.0,98.0]"
tt14636620,movie,First Lady 3,First Lady 3,0,2021,\N,107.0,Drama,7.4,67,0,"[67.0,0.0,2021.0,107.0]"
tt14657248,movie,Amores Permitidos,Amores Permitidos,0,2022,\N,91.0,Comedy,6.4,54,0,"[54.0,0.0,2022.0,91.0]"
tt14660746,movie,The Body Fights Back,The Body Fights Back,0,2021,\N,106.0,Documentary,4.1,50,0,"[50.0,0.0,2021.0,106.0]"
tt14662334,movie,The Business of Christmas 2,The Business of Christmas 2,0,2021,\N,85.0,Drama,6.9,50,0,"[50.0,0.0,2021.0,85.0]"
tt14668028,movie,Northern Affairs,Nouveau Québec,0,2021,\N,96.0,Drama,6.1,65,0,"[65.0,0.0,2021.0,96.0]"
tt14673378,movie,Warriors on the Field,Warriors on the Field,0,2022,\N,50.0,Documentary,6.4,50,0,"[50.0,0.0,2022.0,50.0]"
tt14674606,movie,One of Ours,One of Ours,0,2021,\N,88.0,Documentary,8.7,67,1,"[67.0,0.0,2021.0,88.0]"
tt14684116,movie,Passion,Passion,0,2021,\N,92.0,Documentary,5.4,67,0,"[67.0,0.0,2021.0,92.0]"
tt14686256,movie,Birds of America,Birds of America,0,2021,\N,80.0,Documentary,7.2,57,0,"[57.0,0.0,2021.0,80.0]"
tt14695626,movie,Recession Proof,Recession Proof,0,2023,\N,92.27826086956522,Comedy,6.5,50,0,"[50.0,0.0,2023.0,92.27826086956522]"
tt14697622,movie,Until Tomorrow,Until Tomorrow,0,2022,\N,106.0,Drama,7.3,55,0,"[55.0,0.0,2022.0,106.0]"
tt14701278,movie,Fighting Chance,Brink of Faith,0,2022,\N,76.0,Drama,6.5,85,0,"[85.0,0.0,2022.0,76.0]"
tt14703070,movie,Ribbon,Ribbon,0,2021,\N,115.0,Drama,6.3,88,0,"[88.0,0.0,2021.0,115.0]"
tt14703148,tvMovie,Reign of the Superwomen,Le Règne des super-héroïnes,0,2021,\N,82.0,Documentary,5.3,68,0,"[68.0,0.0,2021.0,82.0]"
tt14714354,movie,"Show Business Is My Life, But I Can't Prove It","Show Business Is My Life, But I Can't Prove It",0,2022,\N,96.0,Documentary,8.0,72,1,"[72.0,0.0,2022.0,96.0]"
tt14720826,movie,I'll Show You Mine,I'll Show You Mine,0,2022,\N,102.0,Drama,6.3,81,0,"[81.0,0.0,2022.0,102.0]"
tt14722516,movie,A Letter from Yene,A Letter from Yene,0,2022,\N,50.0,Documentary,6.1,89,0,"[89.0,0.0,2022.0,50.0]"
tt14726278,movie,The Right to Read,The Right to Read,0,2023,\N,80.0,Documentary,7.7,51,1,"[51.0,0.0,2023.0,80.0]"
tt14728942,movie,Moral Nights,Vishudha Rathrikal,0,2021,\N,93.0,Drama,8.0,54,1,"[54.0,0.0,2021.0,93.0]"
tt14730998,movie,Plastic Earth,Plastic Earth,0,2023,\N,100.0,Documentary,7.2,64,0,"[64.0,0.0,2023.0,100.0]"
tt14734116,movie,Sciema po polsku,Sciema po polsku,0,2021,\N,91.0,Comedy,3.2,60,0,"[60.0,0.0,2021.0,91.0]"
tt14734896,movie,The Glass House,The Glass House,0,2023,\N,99.0,Drama,6.4,77,0,"[77.0,0.0,2023.0,99.0]"
tt14747784,movie,Pazhagiya Naatkal,Pazhagiya Naatkal,0,2021,\N,127.0,Drama,8.9,70,1,"[70.0,0.0,2021.0,127.0]"
tt14772866,movie,Royal Ashes,Royal Ashes,0,2022,\N,113.0,Drama,6.7,82,0,"[82.0,0.0,2022.0,113.0]"
tt14780124,movie,Priplyli!,Priplyli!,0,2022,\N,85.0,Comedy,4.8,53,0,"[53.0,0.0,2022.0,85.0]"
tt14780728,movie,Salvador,Salvador,0,2021,\N,87.0,Drama,7.2,51,0,"[51.0,0.0,2021.0,87.0]"
tt14786652,movie,Mom n' Pop: The Indie Video Store Boom of the 80s/90s,Mom n' Pop: The Indie Video Store Boom of the 80s/90s,0,2022,\N,80.0,Documentary,6.9,63,0,"[63.0,0.0,2022.0,80.0]"
tt14787234,tvMovie,What Are We Feeding Our Kids?,What Are We Feeding Our Kids?,0,2021,\N,58.0,Documentary,7.0,57,0,"[57.0,0.0,2021.0,58.0]"
tt14791580,movie,Rogue Shark?,Rogue Shark?,0,2021,\N,92.27826086956522,Documentary,6.4,77,0,"[77.0,0.0,2021.0,92.27826086956522]"
tt14795302,movie,A Part of Us,A Metade de Nós,0,2023,\N,89.0,Drama,6.8,57,0,"[57.0,0.0,2023.0,89.0]"
tt14797614,movie,Into the Spotlight,Into the Spotlight,0,2023,\N,92.27826086956522,Drama,7.4,89,0,"[89.0,0.0,2023.0,92.27826086956522]"
tt14797706,movie,Confessions of a Good Samaritan,Confessions of a Good Samaritan,0,2023,\N,105.0,Documentary,7.3,81,0,"[81.0,0.0,2023.0,105.0]"
tt14811294,movie,James Hemings: Ghost in America's Kitchen,James Hemings: Ghost in America's Kitchen,0,2022,\N,63.0,Documentary,7.8,51,1,"[51.0,0.0,2022.0,63.0]"
tt14812864,movie,The Mayberry Effect,The Mayberry Effect,0,2021,\N,90.0,Documentary,7.2,58,0,"[58.0,0.0,2021.0,90.0]"
tt14812930,movie,Danny Doom,Danny Doom,0,2021,\N,84.0,Comedy,3.8,78,0,"[78.0,0.0,2021.0,84.0]"
tt14814198,movie,McCartney: Now and Then,McCartney: Now and Then,0,2021,\N,52.0,Documentary,6.2,83,0,"[83.0,0.0,2021.0,52.0]"
tt14814326,movie,Eric Clapton: Standing at the Crossroads,Eric Clapton: Standing at the Crossroads,0,2021,\N,92.0,Documentary,7.1,90,0,"[90.0,0.0,2021.0,92.0]"
tt14818156,movie,My Name Is Bulger,My Name Is Bulger,0,2021,\N,90.0,Documentary,6.2,62,0,"[62.0,0.0,2021.0,90.0]"
tt14824860,tvMovie,13 minut,13 minut,0,2021,\N,84.0,Documentary,7.9,79,1,"[79.0,0.0,2021.0,84.0]"
tt14831516,movie,Locked in a Loveshack,Lokal zamkniety,0,2021,\N,82.0,Comedy,4.9,62,0,"[62.0,0.0,2021.0,82.0]"
tt14846116,movie,Ciurè,Ciurè,0,2022,\N,110.0,Drama,7.5,57,0,"[57.0,0.0,2022.0,110.0]"
tt14849318,movie,Dihadi,Dihadi,0,2021,\N,87.0,Drama,9.0,81,1,"[81.0,0.0,2021.0,87.0]"
tt14849368,movie,Sunny Sisters,Yang guang jie mei tao,0,2021,\N,118.0,Comedy,5.3,66,0,"[66.0,0.0,2021.0,118.0]"
tt14853762,movie,Summer Nights,Summer Nights,0,2021,\N,53.0,Documentary,8.5,67,1,"[67.0,0.0,2021.0,53.0]"
tt14854142,movie,Cheraathukal,Cheraathukal,0,2021,\N,143.0,Drama,7.7,54,1,"[54.0,0.0,2021.0,143.0]"
tt14867142,movie,City of Queens,City of Queens,0,2021,\N,82.0,Documentary,7.5,89,0,"[89.0,0.0,2021.0,82.0]"
tt14880428,movie,Mommy Issues,Mommy Issues,0,2021,\N,90.0,Comedy,5.5,63,0,"[63.0,0.0,2021.0,90.0]"
tt14890886,tvMovie,As Loud as You Can,So laut du kannst,0,2022,\N,92.27826086956522,Drama,7.1,88,0,"[88.0,0.0,2022.0,92.27826086956522]"
tt14891930,movie,Before Next Spring,Ru guo you yi tian wo jiang hui li kai ni,0,2021,\N,105.0,Drama,6.7,82,0,"[82.0,0.0,2021.0,105.0]"
tt14894954,movie,Bangla Surf Girls,Bangla Surf Girls,0,2021,\N,86.0,Documentary,7.4,54,0,"[54.0,0.0,2021.0,86.0]"
tt14902356,movie,The Rebellious Olivia de Havilland,"Olivia de Havilland, L'insoumise",0,2021,\N,56.0,Documentary,7.0,60,0,"[60.0,0.0,2021.0,56.0]"
tt14921614,movie,I'm So Sorry,I'm So Sorry,0,2021,\N,96.0,Documentary,6.6,63,0,"[63.0,0.0,2021.0,96.0]"
tt14927202,movie,Crossover,Crossover,0,2021,\N,92.27826086956522,Drama,7.0,68,0,"[68.0,0.0,2021.0,92.27826086956522]"
tt14927306,movie,Today Is A Beautiful Day,Today Is A Beautiful Day,0,2021,\N,98.0,Drama,4.8,60,0,"[60.0,0.0,2021.0,98.0]"
tt14929346,tvMovie,Next Door: Love,Na Porta ao Lado: Amor,0,2021,\N,54.0,Drama,7.9,62,1,"[62.0,0.0,2021.0,54.0]"
tt14929352,tvMovie,Next Door: Fear,Na Porta ao Lado: Medo,0,2021,\N,45.0,Drama,7.6,67,1,"[67.0,0.0,2021.0,45.0]"
tt14933968,movie,100 Years from Mississippi,100 Years from Mississippi,0,2021,\N,60.0,Documentary,8.1,50,1,"[50.0,0.0,2021.0,60.0]"
tt14944872,movie,When a City Rises,When a City Rises,0,2021,\N,100.0,Documentary,6.9,67,0,"[67.0,0.0,2021.0,100.0]"
tt14947168,movie,A Decent Home,A Decent Home,0,2022,\N,86.0,Documentary,6.8,58,0,"[58.0,0.0,2022.0,86.0]"
tt14948930,movie,Ami Rabindranath,Ami Rabindranath,0,2021,\N,92.27826086956522,Drama,3.9,63,0,"[63.0,0.0,2021.0,92.27826086956522]"
tt14949302,movie,Who We Love,Who We Love,0,2021,\N,92.0,Drama,6.9,88,0,"[88.0,0.0,2021.0,92.0]"
tt14949724,movie,27 September,27 September,0,2021,\N,92.27826086956522,Drama,7.4,71,0,"[71.0,0.0,2021.0,92.27826086956522]"
tt14950394,tvMovie,Les résistants de Mauthausen,Les résistants de Mauthausen,0,2021,\N,52.0,Documentary,7.5,63,0,"[63.0,0.0,2021.0,52.0]"
tt14967628,movie,"20,000 Meters Under the Earth, in search of the giant cave's mystery",Das Riesending,0,2021,\N,90.0,Documentary,7.4,57,0,"[57.0,0.0,2021.0,90.0]"
tt14971864,movie,A Patriot's Day,A Patriot's Day,0,2021,\N,74.0,Drama,5.2,72,0,"[72.0,0.0,2021.0,74.0]"
tt14972740,movie,The Oleanders,Oi pikrodafnes,0,2021,\N,67.0,Documentary,8.3,56,1,"[56.0,0.0,2021.0,67.0]"
tt14993748,movie,Sulla giostra,Sulla giostra,0,2021,\N,105.0,Comedy,6.2,85,0,"[85.0,0.0,2021.0,105.0]"
tt14996392,movie,Entanglement,Entanglement,0,2021,\N,92.27826086956522,Drama,5.9,65,0,"[65.0,0.0,2021.0,92.27826086956522]"
tt15001002,movie,Above Water,Marcher sur l'eau,0,2021,\N,90.0,Documentary,7.1,76,0,"[76.0,0.0,2021.0,90.0]"
tt15004832,movie,The Successful Loosers,The Successful Loosers,0,2021,\N,102.0,Drama,7.3,52,0,"[52.0,0.0,2021.0,102.0]"
tt15012312,movie,Brad Pitt: Breaking Hollywood,Brad Pitt: Breaking Hollywood,0,2021,\N,49.0,Documentary,7.8,53,1,"[53.0,0.0,2021.0,49.0]"
tt15012846,movie,"Me, We","Me, We",0,2021,\N,115.0,Drama,7.3,76,0,"[76.0,0.0,2021.0,115.0]"
tt15023396,movie,Saglik Oluversin Gari,Saglik Oluversin Gari,0,2021,\N,151.0,Comedy,2.1,89,0,"[89.0,0.0,2021.0,151.0]"
tt15037396,movie,The Finellis Movie,The Finellis Movie,0,2022,\N,90.0,Comedy,7.2,75,0,"[75.0,0.0,2022.0,90.0]"
tt15039894,movie,Due Season,Due Season,0,2022,\N,93.0,Drama,5.9,59,0,"[59.0,0.0,2022.0,93.0]"
tt15061498,movie,Ladies Market,"Nuren jie, zaijianle",0,2021,\N,88.0,Drama,4.4,69,0,"[69.0,0.0,2021.0,88.0]"
tt15064032,movie,For Love,Po milosc/Pour l'amour,0,2021,\N,90.0,Drama,5.7,55,0,"[55.0,0.0,2021.0,90.0]"
tt15067116,movie,Aya,Aya,0,2021,\N,90.0,Drama,6.5,68,0,"[68.0,0.0,2021.0,90.0]"
tt15072234,movie,Velukkakka Oppu Kaa,Velukkakka Oppu Kaa,0,2021,\N,101.0,Drama,8.7,89,1,"[89.0,0.0,2021.0,101.0]"
tt15086352,movie,The Art of Grieving,The Art of Grieving,0,2022,\N,70.0,Documentary,8.8,56,1,"[56.0,0.0,2022.0,70.0]"
tt15089738,movie,Angel De Mi Vida,Angel De Mi Vida,0,2021,\N,92.27826086956522,Drama,7.0,56,0,"[56.0,0.0,2021.0,92.27826086956522]"
tt15099978,movie,Mother Lode,Mother Lode,0,2021,\N,86.0,Documentary,6.3,55,0,"[55.0,0.0,2021.0,86.0]"
tt15102828,movie,The Sunday Runoff,The Sunday Runoff,0,2022,\N,104.0,Comedy,6.3,74,0,"[74.0,0.0,2022.0,104.0]"
tt15120042,movie,Sweet Obsession,Dulce Obsesión,0,2022,\N,92.0,Drama,5.9,66,0,"[66.0,0.0,2022.0,92.0]"
tt15123740,movie,Our Happiest Days,Nuestros días más felices,0,2021,\N,100.0,Drama,6.9,84,0,"[84.0,0.0,2021.0,100.0]"
tt15131926,movie,Dusk Stone,Piedra Noche,0,2021,\N,87.0,Drama,5.7,72,0,"[72.0,0.0,2021.0,87.0]"
tt15132118,movie,Anatomia,Anatomia,0,2021,\N,108.0,Drama,5.5,69,0,"[69.0,0.0,2021.0,108.0]"
tt15132378,movie,The Forgotten Ones,"Mizrahim, les oubliés de la Terre Promise",0,2021,\N,93.0,Documentary,6.9,52,0,"[52.0,0.0,2021.0,93.0]"
tt15132386,movie,One Cop's Journey,One Cop's Journey,0,2022,\N,63.0,Drama,3.6,51,0,"[51.0,0.0,2022.0,63.0]"
tt15136954,movie,Arjun Gowda,Arjun Gowda,0,2021,\N,92.27826086956522,Drama,4.5,57,0,"[57.0,0.0,2021.0,92.27826086956522]"
tt15141270,movie,Akshi,Akshi,0,2021,\N,127.0,Drama,8.7,74,1,"[74.0,0.0,2021.0,127.0]"
tt15145970,movie,A Fleeting Encounter,Une histoire provisoire,0,2022,\N,85.0,Drama,6.2,79,0,"[79.0,0.0,2022.0,85.0]"
tt15147924,tvMovie,Early Wedding,Korai Menyegzo,0,2022,\N,75.0,Drama,6.0,71,0,"[71.0,0.0,2022.0,75.0]"
tt15150424,movie,Ayinla,Ayinla,0,2021,\N,119.0,Drama,7.5,67,0,"[67.0,0.0,2021.0,119.0]"
tt15153914,movie,Rosy,Rosy,0,2021,\N,90.0,Documentary,7.1,72,0,"[72.0,0.0,2021.0,90.0]"
tt15162634,movie,Mr. Osomatsu: The Movie,Eiga Osomatsu-san,0,2022,\N,92.27826086956522,Comedy,7.0,55,0,"[55.0,0.0,2022.0,92.27826086956522]"
tt15164642,movie,I Want to Live on Mars,I Want to Live on Mars,0,2023,\N,80.0,Drama,5.1,57,0,"[57.0,0.0,2023.0,80.0]"
tt15173592,movie,Ambrosio,Ambrosio,0,2022,\N,92.27826086956522,Drama,8.4,57,1,"[57.0,0.0,2022.0,92.27826086956522]"
tt15181006,movie,Bucolic,Bukolika,0,2021,\N,70.0,Documentary,6.6,53,0,"[53.0,0.0,2021.0,70.0]"
tt15181312,movie,Benim Kocam Yapmaz,Benim Kocam Yapmaz,0,2021,\N,105.0,Comedy,4.3,71,0,"[71.0,0.0,2021.0,105.0]"
tt15204578,movie,Sunlight,Sunlight,0,2023,\N,95.0,Drama,8.0,88,1,"[88.0,0.0,2023.0,95.0]"
tt15205370,movie,White Berry,White Berry,0,2022,\N,89.0,Drama,6.1,73,0,"[73.0,0.0,2022.0,89.0]"
tt15208648,movie,Black Lies,Black Lies,0,2021,\N,99.0,Drama,5.7,50,0,"[50.0,0.0,2021.0,99.0]"
tt15235390,movie,Luc Longley and the missing chapter of the Last Dance Full documentary Australian Story,Luc Longley and the missing chapter of the Last Dance Full documentary Australian Story,0,2021,\N,63.0,Documentary,8.3,55,1,"[55.0,0.0,2021.0,63.0]"
tt15243532,movie,Anima bella,Anima bella,0,2021,\N,95.0,Drama,6.6,60,0,"[60.0,0.0,2021.0,95.0]"
tt15255842,movie,Being Japanese,Being Japanese,0,2021,\N,92.27826086956522,Documentary,6.3,53,0,"[53.0,0.0,2021.0,92.27826086956522]"
tt15260838,movie,Leberhaken,Leberhaken,0,2021,\N,113.0,Drama,6.4,57,0,"[57.0,0.0,2021.0,113.0]"
tt15262464,movie,Love Yourself Today,Love Yourself Today,0,2021,\N,80.0,Documentary,8.8,57,1,"[57.0,0.0,2021.0,80.0]"
tt15262604,movie,Seaside Special,Seaside Special,0,2023,\N,93.0,Documentary,8.3,55,1,"[55.0,0.0,2023.0,93.0]"
tt15275946,movie,Know Your Place,Know Your Place,0,2022,\N,118.0,Drama,8.2,84,1,"[84.0,0.0,2022.0,118.0]"
tt15278706,movie,Beautiful One,Beautiful One,0,2022,\N,92.27826086956522,Drama,6.9,52,0,"[52.0,0.0,2022.0,92.27826086956522]"
tt15281990,movie,Clenched Fist,Les poings serrés,0,2023,\N,86.0,Drama,6.7,72,0,"[72.0,0.0,2023.0,86.0]"
tt15282266,movie,I väntan på Jan Myrdals död,I väntan på Jan Myrdals död,0,2021,\N,75.0,Documentary,6.8,53,0,"[53.0,0.0,2021.0,75.0]"
tt15282886,tvMovie,Um die 50,Um die 50,0,2021,\N,88.0,Comedy,4.8,53,0,"[53.0,0.0,2021.0,88.0]"
tt15285628,tvMovie,Immer der Nase nach,Immer der Nase nach,0,2021,\N,90.0,Comedy,6.2,61,0,"[61.0,0.0,2021.0,90.0]"
tt15287952,movie,Forever Golden! A Celebration of the Golden Girls,Forever Golden! A Celebration of the Golden Girls,0,2021,\N,125.0,Comedy,8.5,56,1,"[56.0,0.0,2021.0,125.0]"
tt15296658,movie,Soup and Ideology,Supeuwa ide-ollogi,0,2021,\N,118.0,Documentary,7.3,73,0,"[73.0,0.0,2021.0,118.0]"
tt15310880,movie,Stjer,Stjer,0,2021,\N,124.0,Comedy,8.3,82,1,"[82.0,0.0,2021.0,124.0]"
tt15314648,movie,Movie for a Dreary Afternoon,Movie for a Dreary Afternoon,0,2021,\N,98.0,Comedy,6.5,68,0,"[68.0,0.0,2021.0,98.0]"
tt15320036,movie,The Irritable Heart,The Irritable Heart,0,2021,\N,62.0,Documentary,7.0,53,0,"[53.0,0.0,2021.0,62.0]"
tt15325448,movie,Things Unsaid,Things Unsaid,0,2022,\N,95.0,Drama,6.8,68,0,"[68.0,0.0,2022.0,95.0]"
tt15327700,movie,The Sound of Grass,Kusa no hibiki,0,2021,\N,116.0,Drama,6.5,54,0,"[54.0,0.0,2021.0,116.0]"
tt15331100,tvMovie,Murdered and Missing in Montana,Murdered and Missing in Montana,0,2021,\N,65.0,Documentary,6.5,82,0,"[82.0,0.0,2021.0,65.0]"
tt15333582,movie,Sugarless,Sugarless,0,2022,\N,130.0,Comedy,7.4,88,0,"[88.0,0.0,2022.0,130.0]"
tt15333960,movie,Chinnanjiru Kiliye,Chinnanjiru Kiliye,0,2021,\N,128.0,Drama,8.1,71,1,"[71.0,0.0,2021.0,128.0]"
tt15334532,movie,Hara,Hara,0,2022,\N,99.0,Drama,5.6,88,0,"[88.0,0.0,2022.0,99.0]"
tt15339780,movie,The 7 Churches of Revelation: Times of Fire,The 7 Churches of Revelation: Times of Fire,0,2021,\N,94.0,Documentary,7.4,54,0,"[54.0,0.0,2021.0,94.0]"
tt15339966,movie,Very Nice Day,Très belle journée,0,2022,\N,75.0,Drama,5.7,63,0,"[63.0,0.0,2022.0,75.0]"
tt15348152,movie,Walls Can Talk,Las paredes hablan,0,2022,\N,75.0,Documentary,6.4,71,0,"[71.0,0.0,2022.0,75.0]"
tt15351534,movie,Thomas a Peeper,Thomas a Peeper,0,2023,\N,82.0,Comedy,7.2,73,0,"[73.0,0.0,2023.0,82.0]"
tt15367730,movie,Fast & Serious,Fast & Serious,0,2021,\N,70.0,Comedy,3.8,55,0,"[55.0,0.0,2021.0,70.0]"
tt15381038,movie,Osho,Osho,0,2021,\N,92.27826086956522,Drama,8.2,55,1,"[55.0,0.0,2021.0,92.27826086956522]"
tt15385760,movie,Nebesnaya komanda,Nebesnaya komanda,0,2021,\N,91.0,Drama,3.6,63,0,"[63.0,0.0,2021.0,91.0]"
tt15391826,movie,Broadway Rising,Broadway Rising,0,2022,\N,97.0,Documentary,6.1,64,0,"[64.0,0.0,2022.0,97.0]"
tt15393438,movie,God Has AIDS,Deus tem AIDS,0,2021,\N,81.0,Documentary,6.6,60,0,"[60.0,0.0,2021.0,81.0]"
tt15394034,movie,Hide and Seek,Nascondino,0,2021,\N,85.0,Documentary,7.2,60,0,"[60.0,0.0,2021.0,85.0]"
tt15399628,movie,Unwanted,Nich'ya,0,2021,\N,109.0,Drama,5.4,90,0,"[90.0,0.0,2021.0,109.0]"
tt15399750,movie,The Radio Amateur,El radioaficionado,0,2021,\N,87.0,Drama,6.4,85,0,"[85.0,0.0,2021.0,87.0]"
tt15430130,movie,My Everest,My Everest,0,2023,\N,86.0,Documentary,6.5,67,0,"[67.0,0.0,2023.0,86.0]"
tt15432290,movie,The Art of Making It,The Art of Making It,0,2021,\N,94.0,Documentary,7.6,57,1,"[57.0,0.0,2021.0,94.0]"
tt15434318,movie,Doctor Faustus,Doctor Faustus,0,2021,\N,57.0,Drama,4.0,57,0,"[57.0,0.0,2021.0,57.0]"
tt15435040,movie,In the Morning of La Petite Mort,In the Morning of La Petite Mort,0,2021,\N,98.0,Drama,6.8,58,0,"[58.0,0.0,2021.0,98.0]"
tt15438822,movie,Ghosts of Afghanistan,Ghosts of Afghanistan,0,2021,\N,89.0,Documentary,7.4,60,0,"[60.0,0.0,2021.0,89.0]"
tt15439652,movie,Traveling Light,Traveling Light,0,2021,\N,90.0,Drama,5.2,87,0,"[87.0,0.0,2021.0,90.0]"
tt15440312,movie,Re-Enter the New York Ninja,Re-Enter the New York Ninja,0,2021,\N,47.0,Documentary,6.8,55,0,"[55.0,0.0,2021.0,47.0]"
tt15446442,movie,The Girl from Dak Lak,Co gai den tu Dak Lak,0,2022,\N,85.0,Drama,6.7,67,0,"[67.0,0.0,2022.0,85.0]"
tt15450268,movie,Coextinction,Coextinction,0,2021,\N,95.0,Documentary,8.6,63,1,"[63.0,0.0,2021.0,95.0]"
tt15450340,movie,Forgiven,Forgiven,0,2021,\N,74.0,Drama,4.3,86,0,"[86.0,0.0,2021.0,74.0]"
tt15452064,movie,Pecakúra,Pecakúra,0,2021,\N,98.0,Comedy,5.0,69,0,"[69.0,0.0,2021.0,98.0]"
tt15457622,movie,Frontliner,Frontliner,0,2021,\N,89.0,Drama,3.8,85,0,"[85.0,0.0,2021.0,89.0]"
tt15464822,movie,Endraavathu Oru Naal,Endraavathu Oru Naal,0,2021,\N,108.0,Drama,6.6,74,0,"[74.0,0.0,2021.0,108.0]"
tt15470102,movie,The Beanie Bubble,The Beanie Bubble,0,2022,\N,91.0,Documentary,6.2,86,0,"[86.0,0.0,2022.0,91.0]"
tt15483076,movie,Samosa & Sons,Samosa & Sons,0,2023,\N,91.0,Drama,5.0,69,0,"[69.0,0.0,2023.0,91.0]"
tt15489380,tvMovie,Good Bad Girl,Good Bad Girl,0,2022,\N,80.0,Drama,6.4,82,0,"[82.0,0.0,2022.0,80.0]"
tt15496620,movie,Plastic Island,Pulau Plastik,0,2021,\N,98.0,Documentary,6.9,86,0,"[86.0,0.0,2021.0,98.0]"
tt15511174,movie,The Last Birds of Passage,Turna Misali,0,2021,\N,99.0,Drama,6.8,54,0,"[54.0,0.0,2021.0,99.0]"
tt15514540,movie,Three Headed Beast,Three Headed Beast,0,2022,\N,83.0,Drama,6.0,83,0,"[83.0,0.0,2022.0,83.0]"
tt15529106,movie,Fortaleza Hotel,Fortaleza Hotel,0,2021,\N,77.0,Drama,6.6,50,0,"[50.0,0.0,2021.0,77.0]"
tt15548866,tvMovie,The Fragile Colossus,Le colosse aux pieds d'argile,0,2022,\N,91.0,Drama,6.8,56,0,"[56.0,0.0,2022.0,91.0]"
tt15555264,movie,Clytaemnestra,Clytaemnestra,0,2021,\N,70.0,Drama,6.7,64,0,"[64.0,0.0,2021.0,70.0]"
tt15558054,movie,Ang manananggal na nahahati ang puso,Ang manananggal na nahahati ang puso,0,2021,\N,98.0,Comedy,3.9,75,0,"[75.0,0.0,2021.0,98.0]"
tt15558350,movie,This Is How We Roll,This Is How We Roll,0,2021,\N,80.0,Documentary,8.8,64,1,"[64.0,0.0,2021.0,80.0]"
tt15559694,movie,The Wait,The Wait,0,2021,\N,122.0,Drama,5.3,59,0,"[59.0,0.0,2021.0,122.0]"
tt15567346,movie,Re-Opening,Re-Opening,0,2023,\N,90.0,Comedy,9.1,53,1,"[53.0,0.0,2023.0,90.0]"
tt15583246,movie,Invisible History: Middle Florida's Hidden Roots,Invisible History: Middle Florida's Hidden Roots,0,2021,\N,60.0,Documentary,7.5,79,0,"[79.0,0.0,2021.0,60.0]"
tt15590808,movie,Shoot Shoot!,Shoot shoot! Di ko siya titigilan!,0,2021,\N,99.0,Comedy,5.2,73,0,"[73.0,0.0,2021.0,99.0]"
tt15599902,movie,Clay Zombies,Clay Zombies,0,2021,\N,92.27826086956522,Comedy,5.9,53,0,"[53.0,0.0,2021.0,92.27826086956522]"
tt15613024,movie,Wild Fire,Wild Fire,0,2023,\N,100.0,Drama,5.5,72,0,"[72.0,0.0,2023.0,100.0]"
tt15663910,tvMovie,Mass-Market Retailing: The End of a System?,"Hypermarchés, la chute de l'empire",0,2021,\N,87.0,Documentary,7.2,58,0,"[58.0,0.0,2021.0,87.0]"
tt15676864,movie,Edge of Everything,Edge of Everything,0,2023,\N,81.0,Drama,7.0,88,0,"[88.0,0.0,2023.0,81.0]"
tt15678902,movie,Our American Family,Our American Family,0,2021,\N,88.0,Documentary,6.8,59,0,"[59.0,0.0,2021.0,88.0]"
tt15681824,movie,Siete perros,Siete perros,0,2021,\N,83.0,Drama,7.0,58,0,"[58.0,0.0,2021.0,83.0]"
tt15684380,movie,Extraordinary: The Revelations,Extraordinary: The Revelations,0,2021,\N,103.0,Documentary,5.6,81,0,"[81.0,0.0,2021.0,103.0]"
tt15701002,movie,Ennivar,Ennivar,0,2023,\N,95.0,Drama,7.5,67,0,"[67.0,0.0,2023.0,95.0]"
tt15703238,movie,Índia,Índia,0,2022,\N,123.0,Drama,6.2,78,0,"[78.0,0.0,2022.0,123.0]"
tt15705752,movie,Nuclear Family,Nuclear Family,0,2021,\N,93.0,Documentary,6.6,69,0,"[69.0,0.0,2021.0,93.0]"
tt15708520,movie,Behind Closed Doors,Behind Closed Doors,0,2021,\N,92.27826086956522,Drama,6.4,69,0,"[69.0,0.0,2021.0,92.27826086956522]"
tt15709182,movie,Chinovnik,Chinovnik,0,2021,\N,85.0,Comedy,6.6,77,0,"[77.0,0.0,2021.0,85.0]"
tt15710134,movie,Thanksgiving Roast,Thanksgiving Roast,0,2021,\N,112.0,Comedy,5.1,51,0,"[51.0,0.0,2021.0,112.0]"
tt15710474,movie,Along the Way,Along the Way,0,2022,\N,80.0,Drama,7.1,85,0,"[85.0,0.0,2022.0,80.0]"
tt15711476,movie,2018: The Ultimate Test,2018: The Ultimate Test,0,2021,\N,111.0,Documentary,6.9,77,0,"[77.0,0.0,2021.0,111.0]"
tt15714516,movie,"Blood, Guts and Sunshine","Blood, Guts and Sunshine",0,2022,\N,127.0,Documentary,6.8,55,0,"[55.0,0.0,2022.0,127.0]"
tt15721106,movie,Boycott,Boycott,0,2021,\N,73.0,Documentary,8.3,90,1,"[90.0,0.0,2021.0,73.0]"
tt15723944,movie,Hunt Vs Lauda: The Next Generation,Hunt Vs Lauda: The Next Generation,0,2022,\N,84.0,Documentary,6.2,59,0,"[59.0,0.0,2022.0,84.0]"
tt15727558,movie,Distopia,Distopia,0,2021,\N,62.0,Documentary,6.3,61,0,"[61.0,0.0,2021.0,62.0]"
tt15732464,tvMovie,Schule am Meer - Frischer Wind,Schule am Meer - Frischer Wind,0,2022,\N,89.0,Drama,6.2,52,0,"[52.0,0.0,2022.0,89.0]"
tt15732616,tvMovie,Und dann steht einer auf und öffnet das Fenster,Und dann steht einer auf und öffnet das Fenster,0,2022,\N,90.0,Drama,7.3,74,0,"[74.0,0.0,2022.0,90.0]"
tt15734278,movie,A Marble Travelogue,A Marble Travelogue,0,2021,\N,96.0,Documentary,7.2,58,0,"[58.0,0.0,2021.0,96.0]"
tt15740060,movie,Tathagat,Tathagat,0,2021,\N,84.0,Drama,6.6,59,0,"[59.0,0.0,2021.0,84.0]"
tt15740530,tvMovie,Die Welt steht still,Die Welt steht still,0,2021,\N,89.0,Drama,6.1,82,0,"[82.0,0.0,2021.0,89.0]"
tt15745168,movie,The Everlasting Present - Ukraine: 30 Years of InDependence,The Everlasting Present - Ukraine: 30 Years of InDependence,0,2021,\N,117.0,Documentary,4.7,57,0,"[57.0,0.0,2021.0,117.0]"
tt15750642,tvMovie,Zombies! Prepping for the Apocalypse,Zombies! Prepping for the Apocalypse,0,2021,\N,85.0,Documentary,4.3,53,0,"[53.0,0.0,2021.0,85.0]"
tt15752658,movie,Thomas und Marco,Thomas und Marco,0,2022,\N,119.0,Drama,4.5,52,0,"[52.0,0.0,2022.0,119.0]"
tt15761294,movie,Not Out,Not Out,0,2022,\N,88.0,Drama,6.8,64,0,"[64.0,0.0,2022.0,88.0]"
tt15764122,tvMovie,War in Europe - Drama in Ukraine,Krieg in Europa - Das Ukraine-Drama,0,2021,\N,90.0,Documentary,6.7,80,0,"[80.0,0.0,2021.0,90.0]"
tt15783544,movie,Saving Pushkin,Uchyonosti plody,0,2021,\N,168.0,Drama,4.9,60,0,"[60.0,0.0,2021.0,168.0]"
tt15823354,movie,Black Butterflies,Black Butterflies,0,2022,\N,120.0,Documentary,6.7,54,0,"[54.0,0.0,2022.0,120.0]"
tt15826266,movie,Savage,Amina,0,2022,\N,90.0,Drama,6.0,62,0,"[62.0,0.0,2022.0,90.0]"
tt15834452,movie,The Male Gaze: Celluloid Dreams,The Male Gaze: Celluloid Dreams,0,2021,\N,108.0,Drama,5.0,89,0,"[89.0,0.0,2021.0,108.0]"
tt15839362,movie,Actors,Actors,0,2021,\N,80.0,Drama,5.2,82,0,"[82.0,0.0,2021.0,80.0]"
tt15846788,movie,Fioretta,Fioretta,0,2023,\N,127.0,Documentary,7.9,69,1,"[69.0,0.0,2023.0,127.0]"
tt15874766,movie,Social,Social,0,2022,\N,110.0,Comedy,6.4,50,0,"[50.0,0.0,2022.0,110.0]"
tt15875808,movie,Saakuntalam,Saakuntalam,0,2021,\N,92.27826086956522,Drama,8.4,55,1,"[55.0,0.0,2021.0,92.27826086956522]"
tt15891966,movie,Jason,Jason,0,2021,\N,90.0,Documentary,7.8,58,1,"[58.0,0.0,2021.0,90.0]"
tt15892144,movie,The Griot,The Griot,0,2021,\N,109.0,Drama,7.0,55,0,"[55.0,0.0,2021.0,109.0]"
tt15964400,movie,The Treasures of Crimea,The Treasures of Crimea,0,2021,\N,82.0,Documentary,7.1,51,0,"[51.0,0.0,2021.0,82.0]"
tt15977804,movie,Going Nowhere,Going Nowhere,0,2022,\N,88.0,Comedy,4.3,55,0,"[55.0,0.0,2022.0,88.0]"
tt16022080,movie,So Much Tenderness,So Much Tenderness,0,2022,\N,118.0,Drama,5.8,59,0,"[59.0,0.0,2022.0,118.0]"
tt16030178,movie,El Águila y el Gusano,El Águila y el Gusano,0,2023,\N,149.0,Comedy,6.5,68,0,"[68.0,0.0,2023.0,149.0]"
tt16030482,movie,Hadi Be,Hadi Be,0,2022,\N,99.0,Comedy,3.9,53,0,"[53.0,0.0,2022.0,99.0]"
tt16044704,movie,Santa Lucia,Santa Lucia,0,2021,\N,76.0,Drama,7.0,57,0,"[57.0,0.0,2021.0,76.0]"
tt16091194,movie,Il migliore: Marco Pantani,Il migliore: Marco Pantani,0,2021,\N,103.0,Documentary,6.8,68,0,"[68.0,0.0,2021.0,103.0]"
tt16092108,movie,Honk,Honk,0,2022,\N,47.0,Documentary,8.3,59,1,"[59.0,0.0,2022.0,47.0]"
tt16116606,movie,El Brujo,El Brujo,0,2022,\N,90.0,Comedy,8.0,62,1,"[62.0,0.0,2022.0,90.0]"
tt16117564,movie,Rifftrax: Yor - The Hunter from the Future,"RiffTrax: Yor, the Hunter from the Future",0,2021,\N,92.27826086956522,Comedy,6.6,60,0,"[60.0,0.0,2021.0,92.27826086956522]"
tt16118360,movie,Last Resort,Last Resort,0,2022,\N,92.0,Drama,6.4,86,0,"[86.0,0.0,2022.0,92.0]"
tt16124748,movie,Mer Baky 4,Mer Baky 4,0,2021,\N,92.27826086956522,Comedy,7.2,53,0,"[53.0,0.0,2021.0,92.27826086956522]"
tt16138938,movie,Refuge,Refuge,0,2021,\N,78.0,Documentary,7.7,52,1,"[52.0,0.0,2021.0,78.0]"
tt16142166,movie,Jedna dusza,Jedna dusza,0,2023,\N,94.0,Drama,5.5,64,0,"[64.0,0.0,2023.0,94.0]"
tt16161404,movie,Housewitz,Housewitz,0,2021,\N,71.0,Documentary,7.3,74,0,"[74.0,0.0,2021.0,71.0]"
tt16222346,tvMovie,Head Shot,Miedzy oczy,0,2021,\N,99.0,Drama,6.5,72,0,"[72.0,0.0,2021.0,99.0]"
tt16226986,movie,After Sherman,After Sherman,0,2022,\N,88.0,Documentary,6.6,57,0,"[57.0,0.0,2022.0,88.0]"
tt16227700,movie,La notte più lunga dell'anno,La notte più lunga dell'anno,0,2021,\N,91.0,Drama,5.4,77,0,"[77.0,0.0,2021.0,91.0]"
tt16255832,movie,Dear Memories - A journey with Magnum Photographer Thomas Hoepker,Dear Memories - Eine Reise mit dem Magnum-Fotografen Thomas Hoepker,0,2022,\N,95.0,Documentary,7.6,55,1,"[55.0,0.0,2022.0,95.0]"
tt16262836,movie,Grain,Grain,0,2021,\N,80.0,Documentary,7.1,54,0,"[54.0,0.0,2021.0,80.0]"
tt16263072,tvMovie,Die Bürgermeisterin,Die Bürgermeisterin,0,2022,\N,88.0,Drama,6.6,72,0,"[72.0,0.0,2022.0,88.0]"
tt16273830,movie,A Muse Never Drowns,Myûzu wa oborenai,0,2021,\N,82.0,Drama,6.5,64,0,"[64.0,0.0,2021.0,82.0]"
tt16274698,tvMovie,John Huston: Adventures of a Free Soul,"John Huston, une âme libre",0,2021,\N,52.0,Documentary,6.7,66,0,"[66.0,0.0,2021.0,52.0]"
tt16278206,movie,The Short Straw,The Short Straw,0,2022,\N,86.0,Drama,5.7,72,0,"[72.0,0.0,2022.0,86.0]"
tt16293668,movie,14 Days,Quattordici giorni - Una storia d'amore,0,2021,\N,100.0,Drama,6.6,87,0,"[87.0,0.0,2021.0,100.0]"
tt16303266,movie,Laufen,Laufen,0,2022,\N,90.0,Drama,6.4,68,0,"[68.0,0.0,2022.0,90.0]"
tt16304550,movie,Street Code Broken,Street Code Broken,0,2022,\N,108.0,Drama,6.5,75,0,"[75.0,0.0,2022.0,108.0]"
tt16345430,movie,To the Summit,Wu jin pan deng,0,2021,\N,92.0,Documentary,6.8,58,0,"[58.0,0.0,2021.0,92.0]"
tt16347520,movie,He Belongs to Me,He Belongs to Me,0,2021,\N,72.0,Drama,3.0,52,0,"[52.0,0.0,2021.0,72.0]"
tt16359474,movie,A Date,A Date,0,2023,\N,79.0,Drama,6.1,67,0,"[67.0,0.0,2023.0,79.0]"
tt16367960,movie,Anne Murray: Full Circle,Anne Murray: Full Circle,0,2021,\N,92.0,Documentary,8.3,60,1,"[60.0,0.0,2021.0,92.0]"
tt16369236,movie,They Survived Together,They Survived Together,0,2021,\N,80.0,Documentary,8.1,59,1,"[59.0,0.0,2021.0,80.0]"
tt16375980,movie,The Messenger,O Mensageiro,0,2023,\N,110.0,Drama,6.5,52,0,"[52.0,0.0,2023.0,110.0]"
tt16379898,movie,Conception,Conception,0,2022,\N,104.0,Drama,4.6,51,0,"[51.0,0.0,2022.0,104.0]"
tt16384190,movie,A Fantástica Fábrica de Golpes,A Fantástica Fábrica de Golpes,0,2021,\N,105.0,Documentary,8.6,69,1,"[69.0,0.0,2021.0,105.0]"
tt16389910,movie,Rookie Season,Rookie Season,0,2022,\N,76.0,Documentary,7.6,54,1,"[54.0,0.0,2022.0,76.0]"
tt16390870,movie,The Great Postal Heist,The Great Postal Heist,0,2022,\N,96.0,Documentary,7.6,56,1,"[56.0,0.0,2022.0,96.0]"
tt16399570,movie,Fi Alkhamsina,Fi Alkhamsina,0,2021,\N,91.0,Drama,7.8,69,1,"[69.0,0.0,2021.0,91.0]"
tt16403870,movie,Eyang Ti,Eyang Ti,0,2021,\N,80.0,Drama,7.2,51,0,"[51.0,0.0,2021.0,80.0]"
tt16404094,movie,Naked Gardens,Naked Gardens,0,2022,\N,90.0,Documentary,7.4,63,0,"[63.0,0.0,2022.0,90.0]"
tt16419284,movie,Beyond the Reef,Beyond the Reef,0,2022,\N,70.0,Documentary,7.6,55,1,"[55.0,0.0,2022.0,70.0]"
tt16421260,tvMovie,Beauty and the Beast: A Comic Relief Pantomime for Christmas,Beauty and the Beast: A Comic Relief Pantomime for Christmas,0,2021,\N,92.27826086956522,Comedy,6.9,53,0,"[53.0,0.0,2021.0,92.27826086956522]"
tt16436646,movie,Bereményi kalapja,Bereményi kalapja,0,2022,\N,82.0,Documentary,8.0,51,1,"[51.0,0.0,2022.0,82.0]"
tt16436894,movie,"We, Students!","Nous, étudiants!",0,2022,\N,82.0,Documentary,6.3,68,0,"[68.0,0.0,2022.0,82.0]"
tt16438032,movie,Love and Bloggers,Liubov i blohery,0,2022,\N,98.0,Comedy,3.5,89,0,"[89.0,0.0,2022.0,98.0]"
tt16445498,movie,Our Lady of the Chinese Shop,Nossa senhora da loja do chinês,0,2022,\N,98.0,Drama,5.0,54,0,"[54.0,0.0,2022.0,98.0]"
tt16477412,movie,"Yo, traidor","Yo, traidor",0,2022,\N,105.0,Drama,6.0,56,0,"[56.0,0.0,2022.0,105.0]"
tt16492736,tvMovie,Az énekesnõ,Az énekesnõ,0,2022,\N,82.0,Drama,6.0,79,0,"[79.0,0.0,2022.0,82.0]"
tt16493454,movie,Mimi,Mimi,0,2022,\N,100.0,Drama,6.0,52,0,"[52.0,0.0,2022.0,100.0]"
tt16528666,tvMovie,The Anti-Vax Conspiracy,Antivax - Les marchands de doute,0,2021,\N,91.0,Documentary,6.8,51,0,"[51.0,0.0,2021.0,91.0]"
tt16538720,movie,Amatör Hayat,Amatör Hayat,0,2022,\N,124.0,Comedy,2.5,66,0,"[66.0,0.0,2022.0,124.0]"
tt16538780,movie,Aska Dair,Aska Dair,0,2022,\N,122.0,Comedy,2.1,58,0,"[58.0,0.0,2022.0,122.0]"
tt16539122,movie,Love and triangles,Love and triangles,0,2022,\N,86.0,Drama,6.9,57,0,"[57.0,0.0,2022.0,86.0]"
tt16578952,movie,Call Me Emanuelle,Call Me Emanuelle,0,2022,\N,92.27826086956522,Drama,4.7,76,0,"[76.0,0.0,2022.0,92.27826086956522]"
tt16642572,movie,The Cry of Granuaile,The Cry of Granuaile,0,2022,\N,82.0,Drama,6.4,78,0,"[78.0,0.0,2022.0,82.0]"
tt16679082,movie,Ananta (The Eternal),Ananta (The Eternal),0,2022,\N,118.0,Drama,6.8,73,0,"[73.0,0.0,2022.0,118.0]"
tt16709752,movie,Secrets of the Salisbury Poisonings,Secrets of the Salisbury Poisonings,0,2021,\N,92.27826086956522,Documentary,5.7,64,0,"[64.0,0.0,2021.0,92.27826086956522]"
tt16732852,movie,Swap Out,Swap Out,0,2022,\N,90.0,Drama,6.1,84,0,"[84.0,0.0,2022.0,90.0]"
tt16741018,movie,Echo to Delta,Echo à Delta,0,2023,\N,91.0,Drama,6.2,51,0,"[51.0,0.0,2023.0,91.0]"
tt16761722,movie,Solnechnaya liniya,Solnechnaya liniya,0,2022,\N,68.0,Comedy,4.9,71,0,"[71.0,0.0,2022.0,68.0]"
tt16781874,movie,Daiki Tsuneta Tokyo Chaotic,Daiki Tsuneta Tokyo Chaotic,0,2021,\N,99.0,Documentary,7.5,55,0,"[55.0,0.0,2021.0,99.0]"
tt16911606,movie,Kai,Kai,0,2022,\N,101.0,Documentary,6.1,70,0,"[70.0,0.0,2022.0,101.0]"
tt16951574,movie,Mateína,Mateína,0,2021,\N,73.0,Drama,6.4,54,0,"[54.0,0.0,2021.0,73.0]"
tt16954518,movie,The Realm of God,El reino de Dios,0,2022,\N,73.0,Drama,7.2,51,0,"[51.0,0.0,2022.0,73.0]"
tt16964818,movie,Um Corpo que Dança - Ballet Gulbenkian 1965-2005,Um Corpo que Dança - Ballet Gulbenkian 1965-2005,0,2022,\N,127.0,Documentary,8.0,64,1,"[64.0,0.0,2022.0,127.0]"
tt16967542,movie,The Marfa Tapes,The Marfa Tapes,0,2022,\N,92.27826086956522,Documentary,6.2,55,0,"[55.0,0.0,2022.0,92.27826086956522]"
tt16970854,movie,Enam Batang,Enam Batang,0,2022,\N,92.27826086956522,Drama,8.5,81,1,"[81.0,0.0,2022.0,92.27826086956522]"
tt16988956,tvMovie,100 Years of Ulysses,100 Years of Ulysses,0,2022,\N,109.0,Documentary,7.3,73,0,"[73.0,0.0,2022.0,109.0]"
tt16991146,movie,Posso entrare? An ode to Naples,Posso entrare? An ode to Naples,0,2023,\N,108.0,Documentary,7.4,55,0,"[55.0,0.0,2023.0,108.0]"
tt16997704,movie,Peacock Lament,Peacock Lament,0,2022,\N,98.0,Drama,6.1,51,0,"[51.0,0.0,2022.0,98.0]"
tt17009282,movie,Comuneros,Comuneros,0,2022,\N,84.0,Documentary,7.4,71,0,"[71.0,0.0,2022.0,84.0]"
tt17039442,movie,Valley of Exile,Valley of Exile,0,2023,\N,106.0,Drama,7.8,83,1,"[83.0,0.0,2023.0,106.0]"
tt17058302,movie,A Mãe,A Mãe,0,2022,\N,80.0,Drama,7.0,73,0,"[73.0,0.0,2022.0,80.0]"
tt17060716,tvMovie,"Michael Haneke, Cineaste of Our Times","Michael Haneke, Cineaste of Our Times",0,2022,\N,51.0,Documentary,6.8,70,0,"[70.0,0.0,2022.0,51.0]"
tt17062106,movie,Head Over Bills,Head Over Bills,0,2022,\N,92.27826086956522,Comedy,8.6,56,1,"[56.0,0.0,2022.0,92.27826086956522]"
tt17063194,movie,Kind Hearts,Kind Hearts,0,2022,\N,87.0,Documentary,6.3,65,0,"[65.0,0.0,2022.0,87.0]"
tt17065440,movie,Boca Chica,Boca Chica,0,2023,\N,97.0,Drama,7.7,58,1,"[58.0,0.0,2023.0,97.0]"
tt17066058,movie,Pieces,Pieces,0,2022,\N,87.0,Drama,7.6,58,1,"[58.0,0.0,2022.0,87.0]"
tt17067140,movie,Razing Liberty Square,Razing Liberty Square,0,2023,\N,86.0,Documentary,7.4,51,0,"[51.0,0.0,2023.0,86.0]"
tt17074824,movie,Ford v Holden,Ford v Holden,0,2023,\N,99.0,Documentary,6.4,84,0,"[84.0,0.0,2023.0,99.0]"
tt17080124,movie,Kalle Kosmonaut,Kalle Kosmonaut,0,2022,\N,99.0,Documentary,7.3,58,0,"[58.0,0.0,2022.0,99.0]"
tt17148760,movie,"Uneori ninge cu zãpadã, alteori cu întuneric","Uneori ninge cu zãpadã, alteori cu întuneric",0,2021,\N,107.0,Drama,6.5,72,0,"[72.0,0.0,2021.0,107.0]"
tt17154674,movie,Rondul de noapte,Rondul de noapte,0,2021,\N,118.0,Drama,5.8,76,0,"[76.0,0.0,2021.0,118.0]"
tt17305656,movie,A Little Love Package,A Little Love Package,0,2022,\N,81.0,Drama,4.6,58,0,"[58.0,0.0,2022.0,81.0]"
tt17324662,movie,Shorshephool,Shorshephool,0,2021,\N,90.0,Drama,6.3,73,0,"[73.0,0.0,2021.0,90.0]"
tt17345772,movie,Section 8,Section 8,0,2022,\N,92.0,Drama,4.0,68,0,"[68.0,0.0,2022.0,92.0]"
tt17371686,movie,Split at the Root,Split at the Root,0,2022,\N,96.0,Documentary,8.0,57,1,"[57.0,0.0,2022.0,96.0]"
tt17423738,tvMovie,Sold: Sex Slaves Next Door,Sold: Sex Slaves Next Door,0,2022,\N,44.0,Documentary,7.0,59,0,"[59.0,0.0,2022.0,44.0]"
tt17423932,movie,Vienna Calling,Vienna Calling,0,2023,\N,85.0,Documentary,6.3,83,0,"[83.0,0.0,2023.0,85.0]"
tt17449172,movie,A German Party,Eine deutsche Partei,0,2022,\N,110.0,Documentary,7.2,67,0,"[67.0,0.0,2022.0,110.0]"
tt17499738,movie,"Love, Tom","Love, Tom",0,2022,\N,56.0,Documentary,8.1,58,1,"[58.0,0.0,2022.0,56.0]"
tt17521074,tvMovie,Todo se Puede,Todo se Puede,0,2021,\N,110.0,Comedy,6.2,50,0,"[50.0,0.0,2021.0,110.0]"
tt17526214,tvMovie,Le cinéma inventé : quand le cinéma cherchait sa voix,Le cinéma inventé : quand le cinéma cherchait sa voix,0,2021,\N,102.0,Documentary,7.0,55,0,"[55.0,0.0,2021.0,102.0]"
tt17526306,movie,The Invention of Cinema: Cinema's First Colors,Le cinéma inventé: les premières couleurs du cinéma,0,2021,\N,65.0,Documentary,7.5,65,0,"[65.0,0.0,2021.0,65.0]"
tt17526514,movie,Media Crash - Qui a tué le débat public?,Media Crash - Qui a tué le débat public?,0,2022,\N,85.0,Documentary,7.0,65,0,"[65.0,0.0,2022.0,85.0]"
tt17538180,movie,Dissolved,Dissolved,0,2021,\N,106.0,Drama,6.8,51,0,"[51.0,0.0,2021.0,106.0]"
tt17544496,movie,Come with Me to the Cinema - The Gregors,Komm mit mir in das Cinema - Die Gregors,0,2022,\N,155.0,Documentary,7.6,50,1,"[50.0,0.0,2022.0,155.0]"
tt17632676,movie,Samadhi Part 3: The Pathless Path,Samadhi Part 3: The Pathless Path,0,2021,\N,92.27826086956522,Documentary,9.2,77,1,"[77.0,0.0,2021.0,92.27826086956522]"
tt17634108,movie,Happy Clothes: A Film About Patricia Field,Happy Clothes: A Film About Patricia Field,0,2023,\N,100.0,Documentary,7.6,87,1,"[87.0,0.0,2023.0,100.0]"
tt17676876,tvMovie,Putin: Return of the Russian Bear,"Poutine, le retour de l'ours dans la danse",0,2022,\N,54.0,Documentary,6.9,63,0,"[63.0,0.0,2022.0,54.0]"
tt17799796,movie,A Taste of Whale,A Taste of Whale,0,2022,\N,85.0,Documentary,7.1,56,0,"[56.0,0.0,2022.0,85.0]"
tt1787125,movie,Four Winters: A Story of Jewish Partisan Resistance and Bravery in WW2,Four Winters,0,2022,\N,90.0,Documentary,9.1,61,1,"[61.0,0.0,2022.0,90.0]"
tt17886356,movie,The Bricks,The Bricks,0,2022,\N,92.27826086956522,Drama,5.3,60,0,"[60.0,0.0,2022.0,92.27826086956522]"
tt17886914,movie,The Loyola Project,The Loyola Project,0,2022,\N,88.0,Documentary,7.6,55,1,"[55.0,0.0,2022.0,88.0]"
tt17939830,movie,I Stand Alone: The Sully Erna Story,I Stand Alone: The Sully Erna Story,0,2023,\N,92.27826086956522,Documentary,7.9,64,1,"[64.0,0.0,2023.0,92.27826086956522]"
tt18070200,movie,"Jacques Tati, tombé de la lune","Jacques Tati, tombé de la lune",0,2021,\N,60.0,Documentary,7.1,75,0,"[75.0,0.0,2021.0,60.0]"
tt18072786,tvMovie,China: The Uyghur Drama,Chine: le drame ouïghour,0,2022,\N,105.0,Documentary,7.3,74,0,"[74.0,0.0,2022.0,105.0]"
tt18080074,tvMovie,"Moi, Christiane F, 13 ans, droguée, prostituée... - Une génération perdue","Moi, Christiane F, 13 ans, droguée, prostituée... - Une génération perdue",0,2022,\N,53.0,Documentary,6.8,75,0,"[75.0,0.0,2022.0,53.0]"
tt18081642,movie,Grown-ups,Watashitachi ha Otona,0,2021,\N,108.0,Drama,5.9,65,0,"[65.0,0.0,2021.0,108.0]"
tt18083138,movie,"Jenga, cudna igra","Jenga, cudna igra",0,2022,\N,90.0,Comedy,6.7,77,0,"[77.0,0.0,2022.0,90.0]"
tt18206298,movie,Getaways & Dreams,Pakoja & haaveita,0,2023,\N,82.0,Drama,4.8,59,0,"[59.0,0.0,2023.0,82.0]"
tt18247358,movie,Amityville - The Resurgence,Amityville: The Resurgence,0,2022,\N,83.0,Documentary,7.5,73,0,"[73.0,0.0,2022.0,83.0]"
tt18253392,tvMovie,Russia vs. Russia,"Russie, le poison autoritaire",0,2022,\N,53.0,Documentary,6.8,70,0,"[70.0,0.0,2022.0,53.0]"
tt18253722,movie,Chestniy razvod 2,Chestniy razvod 2,0,2022,\N,80.0,Comedy,5.3,65,0,"[65.0,0.0,2022.0,80.0]"
tt18258632,movie,How to Tell a Secret,How to Tell a Secret,0,2022,\N,101.0,Documentary,8.2,59,1,"[59.0,0.0,2022.0,101.0]"
tt18259454,movie,Fire Front,Fire Front,0,2022,\N,92.0,Documentary,7.8,66,1,"[66.0,0.0,2022.0,92.0]"
tt18260436,movie,Tolyatti Adrift,Tolyatti Adrift,0,2022,\N,70.0,Documentary,7.0,67,0,"[67.0,0.0,2022.0,70.0]"
tt18270328,movie,2022 Oscar Nominated Short Films: Live Action,2022 Oscar Nominated Short Films: Live Action,0,2022,\N,120.0,Drama,6.8,62,0,"[62.0,0.0,2022.0,120.0]"
tt18272798,tvMovie,Deep Throat: When Porn Makes Its Premiere,Gorge profonde - Quand le porno est sorti du ghetto,0,2022,\N,54.0,Documentary,6.4,72,0,"[72.0,0.0,2022.0,54.0]"
tt18275188,movie,Freaky Profiling,Freaky Profiling,0,2023,\N,90.0,Comedy,5.1,57,0,"[57.0,0.0,2023.0,90.0]"
tt18278484,movie,Holy Heist,Holy Heist,0,2022,\N,85.0,Documentary,6.3,83,0,"[83.0,0.0,2022.0,85.0]"
tt18283920,movie,Concert Crush: The Travis Scott Festival Tragedy,Concert Crush: The Travis Scott Festival Tragedy,0,2022,\N,81.0,Documentary,5.6,80,0,"[80.0,0.0,2022.0,81.0]"
tt18304684,movie,America's Deadliest Rock Concert: The Guest List,America's Deadliest Rock Concert: The Guest List,0,2022,\N,89.0,Documentary,7.7,68,1,"[68.0,0.0,2022.0,89.0]"
tt1830511,movie,Boronia Backpackers,Boronia Backpackers,0,2022,\N,143.0,Drama,8.4,63,1,"[63.0,0.0,2022.0,143.0]"
tt18307286,movie,The Informant: Fear and Faith in the Heartland,The Informant: Fear and Faith in the Heartland,0,2021,\N,60.0,Documentary,7.4,70,0,"[70.0,0.0,2021.0,60.0]"
tt18335580,movie,Dharti latar re horo,Dharti latar re horo,0,2022,\N,95.0,Drama,7.8,51,1,"[51.0,0.0,2022.0,95.0]"
tt18350778,movie,Supporting Actors,Mellékszereplök,0,2023,\N,120.0,Drama,5.8,55,0,"[55.0,0.0,2023.0,120.0]"
tt18351318,movie,Black Mambas,Black Mambas,0,2022,\N,81.0,Documentary,7.1,70,0,"[70.0,0.0,2022.0,81.0]"
tt18483946,movie,Old Friends: A Dogumentary,Old Friends: A Dogumentary,0,2022,\N,92.27826086956522,Documentary,8.2,58,1,"[58.0,0.0,2022.0,92.27826086956522]"
tt18501832,movie,Earth Protectors,Earth Protectors,0,2023,\N,96.0,Documentary,7.3,75,0,"[75.0,0.0,2023.0,96.0]"
tt18502434,movie,Fez Summer '55,Fez Summer '55,0,2023,\N,117.0,Drama,7.0,59,0,"[59.0,0.0,2023.0,117.0]"
tt18548634,movie,State of the Unity,State of the Unity,0,2022,\N,88.0,Documentary,8.8,62,1,"[62.0,0.0,2022.0,88.0]"
tt18550264,tvMovie,Nosferatu - Ein Film wie ein Vampir,Nosferatu - Ein Film wie ein Vampir,0,2022,\N,76.0,Documentary,6.3,56,0,"[56.0,0.0,2022.0,76.0]"
tt18559276,movie,Whose Children Are They?,Whose Children Are They?,0,2022,\N,120.0,Documentary,6.4,55,0,"[55.0,0.0,2022.0,120.0]"
tt18690252,movie,Our Bodies Are Your Battlefields,Nos corps sont vos champs de bataille,0,2021,\N,100.0,Documentary,6.8,89,0,"[89.0,0.0,2021.0,100.0]"
tt18749340,movie,Conversations on Hatred,Conversaciones sobre el odio,0,2022,\N,85.0,Drama,6.6,58,0,"[58.0,0.0,2022.0,85.0]"
tt18750270,movie,Anna X,Anna X,0,2021,\N,98.0,Drama,4.9,66,0,"[66.0,0.0,2021.0,98.0]"
tt18764714,movie,Cuando Duerme Conmigo,Cuando Duerme Conmigo,0,2023,\N,85.0,Drama,6.2,55,0,"[55.0,0.0,2023.0,85.0]"
tt18767232,movie,Dashuri dhe Turbulenca,Dashuri dhe Turbulenca,0,2022,\N,90.0,Comedy,7.5,62,0,"[62.0,0.0,2022.0,90.0]"
tt18816200,movie,This Stolen Country of Mine,This Stolen Country of Mine,0,2022,\N,93.0,Documentary,6.3,54,0,"[54.0,0.0,2022.0,93.0]"
tt18915396,movie,The Kyiv Files,The Kyiv Files,0,2023,\N,78.0,Documentary,7.2,53,0,"[53.0,0.0,2023.0,78.0]"
tt18927992,movie,When Are You Moving Out?,When Are You Moving Out?,0,2022,\N,87.0,Comedy,6.9,55,0,"[55.0,0.0,2022.0,87.0]"
tt18968964,movie,Nederland onder water,Nederland onder water,0,2022,\N,52.0,Documentary,7.0,52,0,"[52.0,0.0,2022.0,52.0]"
tt18981330,movie,Solgun Agaçlar Altinda,Solgun Agaçlar Altinda,0,2022,\N,84.0,Drama,8.8,74,1,"[74.0,0.0,2022.0,84.0]"
tt19033984,movie,Eleven Days in May,Eleven Days in May,0,2022,\N,85.0,Documentary,7.8,87,1,"[87.0,0.0,2022.0,85.0]"
tt19046126,movie,Killed by a Rich Kid,Killed by a Rich Kid,0,2022,\N,92.27826086956522,Documentary,7.2,61,0,"[61.0,0.0,2022.0,92.27826086956522]"
tt19121498,movie,Libre Garance!,Libre Garance!,0,2022,\N,97.0,Drama,5.8,77,0,"[77.0,0.0,2022.0,97.0]"
tt19177446,movie,Viennese Coffee,Videnska kava,0,2022,\N,95.0,Comedy,6.8,58,0,"[58.0,0.0,2022.0,95.0]"
tt19178662,movie,Uýra: The Rising Forest,Uýra: A Retomada da Floresta,0,2022,\N,72.0,Documentary,7.6,87,1,"[87.0,0.0,2022.0,72.0]"
tt19245940,movie,"Older Man, Younger Woman","Older Man, Younger Woman",0,2023,\N,92.27826086956522,Drama,7.3,53,0,"[53.0,0.0,2023.0,92.27826086956522]"
tt19269218,movie,Delikado,Delikado,0,2022,\N,94.0,Documentary,7.9,81,1,"[81.0,0.0,2022.0,94.0]"
tt19298716,movie,Into the Weeds,Into the Weeds,0,2022,\N,96.0,Documentary,7.7,57,1,"[57.0,0.0,2022.0,96.0]"
tt19298844,movie,Make People Better,Make People Better,0,2022,\N,83.0,Documentary,7.3,76,0,"[76.0,0.0,2022.0,83.0]"
tt19309954,movie,Raudra,Raudra,0,2022,\N,104.0,Drama,6.6,73,0,"[73.0,0.0,2022.0,104.0]"
tt19365890,movie,Scrap,Scrap,0,2022,\N,78.0,Documentary,6.8,81,0,"[81.0,0.0,2022.0,78.0]"
tt19380934,movie,Memories from the North,Memories from the North,0,2022,\N,92.27826086956522,Documentary,8.6,58,1,"[58.0,0.0,2022.0,92.27826086956522]"
tt19386782,movie,Adam Ondra: Pushing the Limit,Adam Ondra: Pushing the Limit,0,2022,\N,77.0,Documentary,6.3,56,0,"[56.0,0.0,2022.0,77.0]"
tt19393978,movie,Strangers,Strangers,0,2022,\N,118.0,Drama,7.5,87,0,"[87.0,0.0,2022.0,118.0]"
tt19394336,movie,Unstuffed,Unstuffed,0,2023,\N,81.0,Documentary,5.8,50,0,"[50.0,0.0,2023.0,81.0]"
tt19410660,movie,Forbiddance,Ghadeghan,0,2022,\N,87.0,Drama,4.6,89,0,"[89.0,0.0,2022.0,87.0]"
tt19488354,movie,Just Let Me Go,Já Nada Sei,0,2022,\N,93.0,Drama,7.4,52,0,"[52.0,0.0,2022.0,93.0]"
tt19550082,movie,Yellow Bus,Yellow Bus,0,2023,\N,112.0,Drama,7.0,55,0,"[55.0,0.0,2023.0,112.0]"
tt19718808,movie,Sonic Fantasy,Sonic Fantasy,0,2022,\N,97.0,Documentary,8.4,56,1,"[56.0,0.0,2022.0,97.0]"
tt19743724,movie,That's Funny,That's Funny,0,2023,\N,92.27826086956522,Comedy,6.3,55,0,"[55.0,0.0,2023.0,92.27826086956522]"
tt19755162,movie,Reckonings,Reckonings,0,2022,\N,74.0,Documentary,6.0,70,0,"[70.0,0.0,2022.0,74.0]"
tt19757646,movie,My Robot Sophia,My Robot Sophia,0,2022,\N,89.0,Documentary,6.0,67,0,"[67.0,0.0,2022.0,89.0]"
tt19768220,movie,Role Model,Vzornik,0,2023,\N,98.0,Drama,7.6,88,1,"[88.0,0.0,2023.0,98.0]"
tt19784368,movie,Zeny a zivot,Zeny a zivot,0,2022,\N,87.0,Comedy,5.2,53,0,"[53.0,0.0,2022.0,87.0]"
tt19796824,movie,A Story of Bones,A Story of Bones,0,2022,\N,95.0,Documentary,7.9,70,1,"[70.0,0.0,2022.0,95.0]"
tt19797378,movie,For Tomorrow - A Documentary on Grassroots Innovators,For Tomorrow - A Documentary on Grassroots Innovators,0,2022,\N,72.0,Documentary,7.6,50,1,"[50.0,0.0,2022.0,72.0]"
tt19797962,movie,Eurodonbas,Eurodonbas,0,2022,\N,73.0,Documentary,7.4,74,0,"[74.0,0.0,2022.0,73.0]"
tt19798520,tvMovie,La story Zelensky,La story Zelensky,0,2022,\N,56.0,Documentary,6.2,70,0,"[70.0,0.0,2022.0,56.0]"
tt19799096,movie,The Cathedral,The Cathedral,0,2022,\N,87.0,Documentary,8.1,75,1,"[75.0,0.0,2022.0,87.0]"
tt19800348,movie,The Wildflower,The Wildflower,0,2022,\N,107.0,Drama,5.9,85,0,"[85.0,0.0,2022.0,107.0]"
tt19811866,movie,Disorienting Dick,Disorienting Dick,0,2022,\N,88.0,Comedy,5.1,88,0,"[88.0,0.0,2022.0,88.0]"
tt19815824,movie,Para: dies,Para: dies,0,2022,\N,76.0,Drama,5.2,74,0,"[74.0,0.0,2022.0,76.0]"
tt19817288,movie,Backlash: Misogyny in the Digital Age,Je vous salue salope: La misogynie au temps du numérique,0,2022,\N,80.0,Documentary,7.3,82,0,"[82.0,0.0,2022.0,80.0]"
tt19841846,movie,Riposte féministe,Riposte féministe,0,2022,\N,87.0,Documentary,6.3,77,0,"[77.0,0.0,2022.0,87.0]"
tt19844412,movie,Silent Love,Silent Love,0,2022,\N,72.0,Documentary,7.2,68,0,"[68.0,0.0,2022.0,72.0]"
tt19844458,movie,Daughters,Döttrar,0,2022,\N,90.0,Documentary,7.3,69,0,"[69.0,0.0,2022.0,90.0]"
tt19845444,movie,I Am Makimoto,I Am Makimoto,0,2022,\N,104.0,Drama,6.4,55,0,"[55.0,0.0,2022.0,104.0]"
tt19846046,movie,I Won't Die,Nem halok meg,0,2023,\N,90.0,Documentary,7.1,51,0,"[51.0,0.0,2023.0,90.0]"
tt19846260,movie,Magdala,Magdala,0,2022,\N,78.0,Drama,5.2,53,0,"[53.0,0.0,2022.0,78.0]"
tt19849852,movie,Simona,Simona,0,2022,\N,91.0,Documentary,7.4,89,0,"[89.0,0.0,2022.0,91.0]"
tt19850948,movie,41 Kere Masallah,41 Kere Masallah,0,2022,\N,92.27826086956522,Comedy,4.3,54,0,"[54.0,0.0,2022.0,92.27826086956522]"
tt19856204,movie,Lal Jose,Lal Jose,0,2022,\N,120.0,Drama,3.0,62,0,"[62.0,0.0,2022.0,120.0]"
tt19867050,movie,Cavewoman,Cavewoman,0,2022,\N,94.0,Drama,7.4,55,0,"[55.0,0.0,2022.0,94.0]"
tt19870456,movie,"Liza, go on","Liza, go on",0,2023,\N,120.0,Drama,5.5,58,0,"[58.0,0.0,2023.0,120.0]"
tt19880464,movie,Bholaa Bhaai,Bholaa Bhaai,0,2022,\N,168.0,Comedy,6.2,59,0,"[59.0,0.0,2022.0,168.0]"
tt19885078,movie,4:2,4:2,0,2022,\N,77.0,Drama,5.6,77,0,"[77.0,0.0,2022.0,77.0]"
tt19888864,movie,10 Billion Mouths,10 Billion Mouths,0,2022,\N,64.0,Documentary,8.0,50,1,"[50.0,0.0,2022.0,64.0]"
tt19891540,movie,Nem Tudo Se Desfaz,Nem Tudo Se Desfaz,0,2021,\N,82.0,Documentary,6.1,70,0,"[70.0,0.0,2021.0,82.0]"
tt19892832,movie,"Let's Tie the Knot, Honey!","¿Nos casamos? Sí, mi amor",0,2022,\N,99.0,Comedy,5.5,62,0,"[62.0,0.0,2022.0,99.0]"
tt19898576,movie,5 to 8,5 to 8,0,2022,\N,45.0,Documentary,7.2,64,0,"[64.0,0.0,2022.0,45.0]"
tt19899808,movie,The Darkside of Society,The Darkside of Society,0,2023,\N,85.0,Documentary,5.9,53,0,"[53.0,0.0,2023.0,85.0]"
tt20101630,movie,Magic Spot,Magic Spot,0,2022,\N,87.0,Comedy,7.2,80,0,"[80.0,0.0,2022.0,87.0]"
tt20115184,movie,Mother Sky,Mother Sky,0,2022,\N,109.0,Drama,7.9,71,1,"[71.0,0.0,2022.0,109.0]"
tt20118774,movie,Jhilli (Discards),Jhilli (Discards),0,2021,\N,93.0,Drama,7.4,72,0,"[72.0,0.0,2021.0,93.0]"
tt20159188,movie,Elektra,Elektra,0,2023,\N,78.0,Drama,8.1,61,1,"[61.0,0.0,2023.0,78.0]"
tt20159960,tvMovie,Bachelor's Ramadan,Bachelor's Ramadan,0,2022,\N,87.0,Comedy,7.4,75,0,"[75.0,0.0,2022.0,87.0]"
tt20205078,movie,The Other Half,The Other Half,0,2022,\N,72.0,Documentary,8.5,62,1,"[62.0,0.0,2022.0,72.0]"
tt20221818,movie,Anima: My Father's Dresses,Anima: Die Kleider meines Vaters,0,2022,\N,95.0,Documentary,8.0,73,1,"[73.0,0.0,2022.0,95.0]"
tt20224208,movie,Kopi Pahit,Kopi Pahit,0,2022,\N,71.0,Drama,8.3,65,1,"[65.0,0.0,2022.0,71.0]"
tt20225310,movie,Tilos Weddings,Oi gamoi tis Tilou,0,2022,\N,74.0,Documentary,7.4,57,0,"[57.0,0.0,2022.0,74.0]"
tt20227356,movie,Ranger,Ranger,0,2022,\N,115.0,Documentary,8.0,56,1,"[56.0,0.0,2022.0,115.0]"
tt20251428,movie,Mar Dare Maya Ma,Mar Dare Maya Ma,0,2022,\N,147.0,Drama,8.6,71,1,"[71.0,0.0,2022.0,147.0]"
tt20252472,movie,Three Sisters of Tenmasou,Three Sisters of Tenmasou,0,2022,\N,120.0,Drama,6.7,75,0,"[75.0,0.0,2022.0,120.0]"
tt20310970,movie,Negatyw,Negatyw,0,2022,\N,75.0,Drama,7.4,75,0,"[75.0,0.0,2022.0,75.0]"
tt20516478,movie,The Real Derry: Jamie-Lee O'Donnell,The Real Derry: Jamie-Lee O'Donnell,0,2022,\N,46.0,Documentary,7.8,75,1,"[75.0,0.0,2022.0,46.0]"
tt20517186,movie,The Visitors,The Visitors,0,2022,\N,83.0,Documentary,7.0,55,0,"[55.0,0.0,2022.0,83.0]"
tt20517442,movie,Red Herring,Red Herring,0,2023,\N,94.0,Documentary,8.1,65,1,"[65.0,0.0,2023.0,94.0]"
tt20599488,movie,What Words Can Do,O Que Podem as Palavras,0,2022,\N,76.0,Documentary,7.6,51,1,"[51.0,0.0,2022.0,76.0]"
tt20674398,movie,A Woman's Life,A Woman's Life,0,2022,\N,75.0,Drama,3.3,60,0,"[60.0,0.0,2022.0,75.0]"
tt20733780,movie,Sen ve Ben,Sen ve Ben,0,2022,\N,124.0,Comedy,4.2,80,0,"[80.0,0.0,2022.0,124.0]"
tt20768892,movie,Exhibition on Screen: Pissarro: Father of Impressionism,Exhibition On Screen: Pissarro: Father of Impressionism,0,2022,\N,94.0,Documentary,7.5,59,0,"[59.0,0.0,2022.0,94.0]"
tt20774018,movie,Better Man,Jue wang zhu fu,0,2022,\N,91.0,Comedy,4.0,68,0,"[68.0,0.0,2022.0,91.0]"
tt20851876,movie,Mom & Dad's Nipple Factory,Mom & Dad's Nipple Factory,0,2023,\N,81.0,Documentary,7.9,50,1,"[50.0,0.0,2023.0,81.0]"
tt20859392,movie,Intimate Betrayals,Intimate Betrayals,0,2022,\N,99.0,Drama,6.0,52,0,"[52.0,0.0,2022.0,99.0]"
tt20860322,movie,Breathe Again,Breathe Again,0,2022,\N,99.0,Drama,4.8,85,0,"[85.0,0.0,2022.0,99.0]"
tt20863620,movie,Selection Code,Selection Code,0,2022,\N,61.0,Documentary,7.3,88,0,"[88.0,0.0,2022.0,61.0]"
tt20868416,movie,Escola de Quebrada,Escola de Quebrada,0,2023,\N,60.0,Comedy,4.9,68,0,"[68.0,0.0,2023.0,60.0]"
tt20899948,movie,Dope Boy Magic,Dope Boy Magic,0,2023,\N,92.27826086956522,Drama,6.0,50,0,"[50.0,0.0,2023.0,92.27826086956522]"
tt21029660,movie,Three Promises,Three Promises,0,2023,\N,61.0,Documentary,7.8,71,1,"[71.0,0.0,2023.0,61.0]"
tt21053422,movie,The Recycling Myth,The Recycling Myth,0,2022,\N,75.0,Documentary,8.2,54,1,"[54.0,0.0,2022.0,75.0]"
tt21054818,movie,Luminous,Luminous,0,2022,\N,95.0,Documentary,7.4,87,0,"[87.0,0.0,2022.0,95.0]"
tt21056848,movie,The Youth Governor,The Youth Governor,0,2022,\N,86.0,Documentary,7.1,69,0,"[69.0,0.0,2022.0,86.0]"
tt21059378,movie,Pandamned,Pandamned,0,2022,\N,150.0,Documentary,5.3,78,0,"[78.0,0.0,2022.0,150.0]"
tt21062574,movie,Battle of Amritsar,Battle of Amritsar,0,2022,\N,156.0,Documentary,9.6,60,1,"[60.0,0.0,2022.0,156.0]"
tt21065336,movie,Dickie V,Dickie V,0,2022,\N,80.0,Documentary,8.9,81,1,"[81.0,0.0,2022.0,80.0]"
tt21073246,movie,Moughamarat Koko,Moughamarat Koko,0,2023,\N,92.27826086956522,Comedy,3.6,61,0,"[61.0,0.0,2023.0,92.27826086956522]"
tt21093922,movie,Mother and Daughter,Gyeongaheui ddal,0,2022,\N,117.0,Drama,7.2,79,0,"[79.0,0.0,2022.0,117.0]"
tt21103946,tvMovie,Night Birds,Comme des reines,0,2021,\N,95.0,Drama,6.4,51,0,"[51.0,0.0,2021.0,95.0]"
tt21105692,movie,Evlat Olsa Sevilmez,Evlat Olsa Sevilmez,0,2022,\N,92.27826086956522,Comedy,7.2,51,0,"[51.0,0.0,2022.0,92.27826086956522]"
tt21110404,movie,Breaking la Vida,Breaking la Vida,0,2022,\N,93.0,Documentary,9.5,60,1,"[60.0,0.0,2022.0,93.0]"
tt21115032,movie,Not A Tame Lion,Not A Tame Lion,0,2022,\N,119.0,Documentary,8.8,60,1,"[60.0,0.0,2022.0,119.0]"
tt21141008,movie,Periodical,Periodical,0,2023,\N,93.0,Documentary,7.7,89,1,"[89.0,0.0,2023.0,93.0]"
tt21144238,movie,Erasmus in Gaza,Erasmus in Gaza,0,2022,\N,88.0,Documentary,7.0,71,0,"[71.0,0.0,2022.0,88.0]"
tt21147534,movie,Boys on Film 22: Love to Love You,Boys on Film 22: Love to Love You,0,2022,\N,142.0,Drama,6.8,66,0,"[66.0,0.0,2022.0,142.0]"
tt21157344,movie,In the Name of Gerry Conlon,In the Name of Gerry Conlon,0,2022,\N,92.27826086956522,Documentary,7.7,56,1,"[56.0,0.0,2022.0,92.27826086956522]"
tt21188026,movie,Hamid's Symphony,Hamid's Symphony,0,2022,\N,103.0,Documentary,6.2,65,0,"[65.0,0.0,2022.0,103.0]"
tt21189116,movie,Le Voyage de Talia,Le Voyage de Talia,0,2022,\N,79.0,Drama,6.2,54,0,"[54.0,0.0,2022.0,79.0]"
tt21190172,movie,Kristina,Kristina,0,2022,\N,90.0,Drama,6.8,77,0,"[77.0,0.0,2022.0,90.0]"
tt21193152,movie,Who Is Stan Smith?,Who Is Stan Smith?,0,2022,\N,95.0,Documentary,8.0,73,1,"[73.0,0.0,2022.0,95.0]"
tt21216754,movie,National Theatre Live: Othello,National Theatre Live: Othello,0,2023,\N,185.0,Drama,6.8,90,0,"[90.0,0.0,2023.0,185.0]"
tt21220930,movie,A Holy Conspiracy,A Holy Conspiracy,0,2022,\N,143.0,Drama,7.6,84,1,"[84.0,0.0,2022.0,143.0]"
tt21223154,movie,Naar Ka Sur,Naar Ka Sur,0,2022,\N,125.0,Drama,8.9,71,1,"[71.0,0.0,2022.0,125.0]"
tt21223418,movie,Overgave,Overgave,0,2022,\N,55.0,Documentary,8.2,66,1,"[66.0,0.0,2022.0,55.0]"
tt21226698,movie,Tales of the Purple House,Tales of the Purple House,0,2022,\N,184.0,Documentary,7.9,66,1,"[66.0,0.0,2022.0,184.0]"
tt21232072,movie,The Lump in My Heart,Atsui munasawagi,0,2022,\N,92.0,Drama,7.0,70,0,"[70.0,0.0,2022.0,92.0]"
tt21235684,movie,Gratitude Revealed,Gratitude Revealed,0,2022,\N,82.0,Documentary,8.3,65,1,"[65.0,0.0,2022.0,82.0]"
tt21237628,movie,The Shamima Begum Story,The Shamima Begum Story,0,2023,\N,89.0,Documentary,6.1,89,0,"[89.0,0.0,2023.0,89.0]"
tt21237894,movie,Barren,Barren,0,2022,\N,108.0,Drama,7.8,77,1,"[77.0,0.0,2022.0,108.0]"
tt21257770,movie,Majajan Orchestra,Majajan Orchestra,0,2022,\N,137.0,Drama,8.5,89,1,"[89.0,0.0,2022.0,137.0]"
tt21272582,movie,Dying in Ibiza (A Film in Three Summers),Mourir à Ibiza (Un film en trois étés),0,2022,\N,107.0,Drama,6.3,58,0,"[58.0,0.0,2022.0,107.0]"
tt21287998,movie,Panchatantra Kathalu,Panchatantra Kathalu,0,2022,\N,143.0,Drama,7.4,81,0,"[81.0,0.0,2022.0,143.0]"
tt21302678,movie,Mouth Full of Earth,Usta puna zemlje,0,2023,\N,75.0,Drama,3.6,60,0,"[60.0,0.0,2023.0,75.0]"
tt21328354,movie,Mihai Viteazul: Printul Intrat In Legenda Europei,Mihai Viteazul: Printul Intrat In Legenda Europei,0,2022,\N,69.0,Drama,6.9,62,0,"[62.0,0.0,2022.0,69.0]"
tt21331840,movie,Un mondo sotto social,Un mondo sotto social,0,2022,\N,100.0,Comedy,4.4,71,0,"[71.0,0.0,2022.0,100.0]"
tt21338440,movie,Nadhi,Nadhi,0,2022,\N,140.0,Drama,8.6,86,1,"[86.0,0.0,2022.0,140.0]"
tt21347592,movie,Unvaccinated,Unvaccinated,0,2022,\N,63.0,Documentary,4.6,64,0,"[64.0,0.0,2022.0,63.0]"
tt21350908,movie,Two Kids a Day,Two Kids a Day,0,2022,\N,70.0,Documentary,8.1,57,1,"[57.0,0.0,2022.0,70.0]"
tt21362640,movie,Great White Open Ocean,Great White Open Ocean,0,2022,\N,55.0,Documentary,7.0,65,0,"[65.0,0.0,2022.0,55.0]"
tt21373840,tvMovie,Faith Heist: A Christmas Caper,Faith Heist: A Christmas Caper,0,2022,\N,92.27826086956522,Comedy,4.8,53,0,"[53.0,0.0,2022.0,92.27826086956522]"
tt21375072,movie,Percoco - Il primo mostro d'Italia,Percoco - Il primo mostro d'Italia,0,2023,\N,104.0,Drama,5.8,67,0,"[67.0,0.0,2023.0,104.0]"
tt21376884,movie,The Kiev Trial,The Kiev Trial,0,2022,\N,106.0,Documentary,6.7,66,0,"[66.0,0.0,2022.0,106.0]"
tt21378358,tvMovie,Loulou,Loulou,0,2023,\N,82.0,Comedy,5.9,61,0,"[61.0,0.0,2023.0,82.0]"
tt21380204,movie,Ágnes Keleti - Conquering time,Keleti Ágnes - Aki legyozte az idot,0,2022,\N,78.0,Documentary,8.1,59,1,"[59.0,0.0,2022.0,78.0]"
tt21382346,movie,Umnaya Masha,Umnaya Masha,0,2022,\N,80.0,Comedy,4.5,72,0,"[72.0,0.0,2022.0,80.0]"
tt21386232,movie,Olaf,Olaf,0,2022,\N,91.0,Comedy,5.2,76,0,"[76.0,0.0,2022.0,91.0]"
tt21388904,movie,Xalé,Xalé,0,2022,\N,101.0,Drama,7.0,53,0,"[53.0,0.0,2022.0,101.0]"
tt21392886,movie,Dance Dads,Dance Dads,0,2022,\N,84.0,Comedy,7.1,65,0,"[65.0,0.0,2022.0,84.0]"
tt21412678,movie,Born Cursed,Born Cursed,0,2022,\N,84.0,Drama,9.1,66,1,"[66.0,0.0,2022.0,84.0]"
tt21419736,movie,Baba Yadigari,Baba Yadigari,0,2022,\N,122.0,Comedy,5.4,86,0,"[86.0,0.0,2022.0,122.0]"
tt21429844,movie,Balada,Balada,0,2022,\N,120.0,Drama,5.7,82,0,"[82.0,0.0,2022.0,120.0]"
tt21435030,movie,Milestone Generations,Milestone Generations,0,2022,\N,52.0,Documentary,7.9,55,1,"[55.0,0.0,2022.0,52.0]"
tt21435350,movie,Passport,Passport,0,2022,\N,110.0,Comedy,6.8,88,0,"[88.0,0.0,2022.0,110.0]"
tt21438332,movie,Yanlis Anlama 2,Yanlis Anlama 2,0,2022,\N,104.0,Comedy,4.0,67,0,"[67.0,0.0,2022.0,104.0]"
tt21446798,movie,Verdigris,Verdigris,0,2023,\N,95.0,Drama,7.6,56,1,"[56.0,0.0,2023.0,95.0]"
tt21600708,movie,Kalapuram,Kalapuram,0,2022,\N,92.27826086956522,Comedy,6.7,69,0,"[69.0,0.0,2022.0,92.27826086956522]"
tt21608252,tvMovie,Einfach Nina,Einfach Nina,0,2022,\N,89.0,Drama,6.2,63,0,"[63.0,0.0,2022.0,89.0]"
tt21612972,movie,When Morning Comes,When Morning Comes,0,2022,\N,87.0,Drama,6.4,77,0,"[77.0,0.0,2022.0,87.0]"
tt21619566,movie,Misfit: The Switch,Misfit: The Switch,0,2022,\N,120.0,Drama,5.4,73,0,"[73.0,0.0,2022.0,120.0]"
tt21622988,movie,Coin,Coin,0,2022,\N,86.0,Documentary,6.0,88,0,"[88.0,0.0,2022.0,86.0]"
tt21632832,movie,Thanks to Her,Thanks to Her,0,2022,\N,82.0,Drama,6.7,66,0,"[66.0,0.0,2022.0,82.0]"
tt21634062,movie,Party Dream,Party Dream,0,2022,\N,75.0,Documentary,8.5,65,1,"[65.0,0.0,2022.0,75.0]"
tt21639034,movie,Almost Human: Rise of the Apes,Almost Human: Rise of the Apes,0,2022,\N,83.0,Documentary,6.1,61,0,"[61.0,0.0,2022.0,83.0]"
tt21644774,movie,El Caso Padilla,El Caso Padilla,0,2022,\N,78.0,Documentary,7.3,72,0,"[72.0,0.0,2022.0,78.0]"
tt21739670,movie,30-Year-Old Toddler,Eternamente adolescente,0,2023,\N,92.27826086956522,Comedy,3.1,59,0,"[59.0,0.0,2023.0,92.27826086956522]"
tt21740468,movie,Adonis X,Adonis X,0,2022,\N,75.0,Drama,6.7,81,0,"[81.0,0.0,2022.0,75.0]"
tt21799158,movie,Smog en tu corazon,Smog en tu corazon,0,2022,\N,112.0,Comedy,6.7,86,0,"[86.0,0.0,2022.0,112.0]"
tt21799852,movie,Don't Get Eaten,Don't Get Eaten,0,2023,\N,92.27826086956522,Comedy,6.9,67,0,"[67.0,0.0,2023.0,92.27826086956522]"
tt21803164,movie,Osho: The Movie,Ten Thousand Shades of Osho,0,2022,\N,106.0,Documentary,6.1,50,0,"[50.0,0.0,2022.0,106.0]"
tt21810812,movie,Saint Michael Meet the Angel,Saint Michael Meet the Angel,0,2022,\N,90.0,Documentary,7.1,50,0,"[50.0,0.0,2022.0,90.0]"
tt21816560,movie,A Cooler Climate,A Cooler Climate,0,2022,\N,75.0,Documentary,6.3,88,0,"[88.0,0.0,2022.0,75.0]"
tt21818964,movie,The Legacy of the Texas Chain Saw Massacre,The Legacy of the Texas Chain Saw Massacre,0,2022,\N,87.0,Documentary,7.0,84,0,"[84.0,0.0,2022.0,87.0]"
tt21850902,movie,Smile,Smile,0,2022,\N,115.0,Drama,6.5,61,0,"[61.0,0.0,2022.0,115.0]"
tt21856878,movie,Blow-Ins,Blow-Ins,0,2022,\N,52.0,Documentary,7.7,62,1,"[62.0,0.0,2022.0,52.0]"
tt21857550,movie,Rise Up,Rise Up,0,2022,\N,92.0,Documentary,7.8,89,1,"[89.0,0.0,2022.0,92.0]"
tt21867110,movie,Opazovanje,Opazovanje,0,2023,\N,82.0,Drama,6.4,89,0,"[89.0,0.0,2023.0,82.0]"
tt21882320,tvMovie,Instagram: A Life Under Filter,"Instagram, la foire aux vanités",0,2022,\N,87.0,Documentary,6.6,63,0,"[63.0,0.0,2022.0,87.0]"
tt21904394,movie,[REC]: Horror Without Pause,[REC] Terror sin pausa,0,2022,\N,105.0,Documentary,6.2,67,0,"[67.0,0.0,2022.0,105.0]"
tt21912460,movie,Pastor Thorne: Lust of the Flesh,Pastor Thorne: Lust of the Flesh,0,2022,\N,102.0,Drama,4.2,63,0,"[63.0,0.0,2022.0,102.0]"
tt21938768,movie,"Tequila. Sex, Drugs and Rock & Roll","Tequila. Sexo, drogas y rock and roll",0,2022,\N,92.0,Documentary,6.4,51,0,"[51.0,0.0,2022.0,92.0]"
tt21959236,movie,"Vitaj Doma, Brate!","Vitaj Doma, Brate!",0,2022,\N,104.0,Comedy,6.0,63,0,"[63.0,0.0,2022.0,104.0]"
tt21962230,movie,Harambe,Harambe,0,2023,\N,92.27826086956522,Documentary,7.1,55,0,"[55.0,0.0,2023.0,92.27826086956522]"
tt21970986,movie,Roy Orbison Forever,Roy Orbison Forever,0,2022,\N,56.0,Documentary,7.2,62,0,"[62.0,0.0,2022.0,56.0]"
tt21980046,movie,Mrs. Buica,Mrs. Buica,0,2023,\N,83.0,Documentary,8.7,89,1,"[89.0,0.0,2023.0,83.0]"
tt21987706,movie,Dancing with Mom,Dancing with Mom,0,2022,\N,76.0,Documentary,9.7,69,1,"[69.0,0.0,2022.0,76.0]"
tt21989164,movie,American: An Odyssey to 1947,American: An Odyssey to 1947,0,2022,\N,102.0,Documentary,8.1,88,1,"[88.0,0.0,2022.0,102.0]"
tt21990682,movie,Dialogues After the End,Diálogos Depois do Fim,0,2023,\N,100.0,Drama,5.5,50,0,"[50.0,0.0,2023.0,100.0]"
tt21990918,movie,Os Suburbanos: O Filme,Os Suburbanos: O Filme,0,2022,\N,85.0,Comedy,3.4,50,0,"[50.0,0.0,2022.0,85.0]"
tt21995320,movie,Invisible America,Invisible America,0,2023,\N,92.27826086956522,Drama,9.0,57,1,"[57.0,0.0,2023.0,92.27826086956522]"
tt21998476,movie,Ciné-Guerrillas: Scenes from the Labudovic Reels,Ciné-Guerrillas: Scenes from the Labudovic Reels,0,2022,\N,94.0,Documentary,7.8,73,1,"[73.0,0.0,2022.0,94.0]"
tt21998498,movie,Maya and the Wave,Maya and the Wave,0,2022,\N,95.0,Documentary,8.1,77,1,"[77.0,0.0,2022.0,95.0]"
tt21998500,movie,Pray for Our Sinners,Pray for Our Sinners,0,2022,\N,81.0,Documentary,7.1,69,0,"[69.0,0.0,2022.0,81.0]"
tt21998524,movie,Vicenta B.,Vicenta B.,0,2022,\N,77.0,Drama,6.4,51,0,"[51.0,0.0,2022.0,77.0]"
tt22008182,movie,If the Streets Were on Fire,If the Streets Were on Fire,0,2022,\N,70.0,Documentary,7.9,80,1,"[80.0,0.0,2022.0,70.0]"
tt22018982,movie,Casting Stones,Casting Stones,0,2023,\N,92.27826086956522,Drama,3.2,63,0,"[63.0,0.0,2023.0,92.27826086956522]"
tt22037048,movie,The Crown Shyness,La timidezza delle chiome,0,2022,\N,96.0,Documentary,7.0,57,0,"[57.0,0.0,2022.0,96.0]"
tt22042658,movie,Danica,Danica,0,2023,\N,87.0,Drama,5.7,65,0,"[65.0,0.0,2023.0,87.0]"
tt22043560,movie,Rossosperanza,Rossosperanza,0,2023,\N,87.0,Drama,6.3,63,0,"[63.0,0.0,2023.0,87.0]"
tt22055448,tvMovie,Homeshoppers' Paradise,Homeshoppers' Paradise,0,2022,\N,88.0,Comedy,5.0,51,0,"[51.0,0.0,2022.0,88.0]"
tt22073644,movie,Al Hayba the Documentary,Al Hayba the Documentary,0,2022,\N,92.27826086956522,Documentary,7.6,50,1,"[50.0,0.0,2022.0,92.27826086956522]"
tt22085704,movie,Cuando la miro,Cuando la miro,0,2022,\N,82.0,Drama,6.8,87,0,"[87.0,0.0,2022.0,82.0]"
tt22092834,movie,Nedetskiy dom,Nedetskiy dom,0,2022,\N,102.0,Drama,5.4,77,0,"[77.0,0.0,2022.0,102.0]"
tt22165792,tvMovie,Das Wunder von Kapstadt,Das Wunder von Kapstadt,0,2022,\N,105.0,Drama,6.3,71,0,"[71.0,0.0,2022.0,105.0]"
tt22171858,movie,A Wild Roomer,Goein,0,2022,\N,136.0,Drama,6.8,65,0,"[65.0,0.0,2022.0,136.0]"
tt22171962,movie,Shivamma,Shivamma,0,2022,\N,104.0,Drama,7.6,88,1,"[88.0,0.0,2022.0,104.0]"
tt22186902,movie,In Her Room,Hitoribocchi janai,0,2022,\N,136.0,Drama,4.6,61,0,"[61.0,0.0,2022.0,136.0]"
tt22188926,movie,Chakki,Chakki,0,2022,\N,100.0,Drama,8.3,59,1,"[59.0,0.0,2022.0,100.0]"
tt22331396,movie,A Woman,Kong Xiu,0,2022,\N,118.0,Drama,6.3,54,0,"[54.0,0.0,2022.0,118.0]"
tt22379578,movie,La Ultima Oportunidad,La Ultima Oportunidad,0,2022,\N,69.0,Comedy,7.6,62,1,"[62.0,0.0,2022.0,69.0]"
tt22408376,movie,And the Sun Rises,Da mere gatenda,0,2022,\N,90.0,Drama,6.2,68,0,"[68.0,0.0,2022.0,90.0]"
tt22408892,movie,When Jack Came Back,When Jack Came Back,0,2023,\N,105.0,Drama,6.3,74,0,"[74.0,0.0,2023.0,105.0]"
tt22409818,movie,Broken People,Broken People,0,2023,\N,95.0,Drama,4.3,56,0,"[56.0,0.0,2023.0,95.0]"
tt22410714,movie,Shubhadinam,Shubhadinam,0,2022,\N,120.0,Drama,5.7,58,0,"[58.0,0.0,2022.0,120.0]"
tt22436930,movie,Bicycle Days,Bicycle Days,0,2023,\N,90.0,Drama,8.0,50,1,"[50.0,0.0,2023.0,90.0]"
tt22463110,movie,Stuntwomen,Cascadeuses,0,2022,\N,85.0,Documentary,7.0,56,0,"[56.0,0.0,2022.0,85.0]"
tt22470752,movie,Kuzenler Firarda,Kuzenler Firarda,0,2022,\N,95.0,Comedy,3.5,54,0,"[54.0,0.0,2022.0,95.0]"
tt22489120,movie,La Lucha: Getting Schooled in America,La Lucha: Getting Schooled in America,0,2023,\N,80.0,Documentary,9.9,62,1,"[62.0,0.0,2023.0,80.0]"
tt22490938,movie,Half Heaven,Half Heaven,0,2022,\N,127.0,Drama,6.3,78,0,"[78.0,0.0,2022.0,127.0]"
tt22506372,movie,Racist Trees,Racist Trees,0,2022,\N,88.0,Documentary,7.3,82,0,"[82.0,0.0,2022.0,88.0]"
tt2252298,movie,The Human Trial,The Human Trial,0,2022,\N,91.0,Documentary,7.2,78,0,"[78.0,0.0,2022.0,91.0]"
tt22528920,movie,Single,Single,0,2023,\N,142.0,Comedy,7.6,56,1,"[56.0,0.0,2023.0,142.0]"
tt22530200,movie,Plotnik,Plotnik,0,2022,\N,108.0,Drama,6.1,67,0,"[67.0,0.0,2022.0,108.0]"
tt22642740,movie,Lyubovniki,Lyubovniki,0,2022,\N,96.0,Comedy,5.2,83,0,"[83.0,0.0,2022.0,96.0]"
tt22644272,movie,Inumo Kuwanedo Charlie Wa Warau,Inumo Kuwanedo Charlie Wa Warau,0,2022,\N,117.0,Comedy,6.7,65,0,"[65.0,0.0,2022.0,117.0]"
tt22660470,movie,The Letter: A Message for Our Earth,The Letter: A Message for Our Earth,0,2022,\N,81.0,Documentary,8.1,52,1,"[52.0,0.0,2022.0,81.0]"
tt22670174,movie,National Theatre Live: Jack Absolute Flies Again,National Theatre Live: Jack Absolute Flies Again,0,2022,\N,180.0,Comedy,7.5,65,0,"[65.0,0.0,2022.0,180.0]"
tt22696908,movie,The Neutron Bomb,The Neutron Bomb,0,2022,\N,89.0,Documentary,5.8,69,0,"[69.0,0.0,2022.0,89.0]"
tt22718042,movie,On Earth as in Heaven,Sur la terre comme au ciel,0,2023,\N,118.0,Drama,7.0,83,0,"[83.0,0.0,2023.0,118.0]"
tt22742316,movie,Hotshot,Hotshot,0,2023,\N,102.0,Documentary,8.3,84,1,"[84.0,0.0,2023.0,102.0]"
tt22749508,movie,Historias de una prostituta 4,Historias de una prostituta 4,0,2021,\N,98.0,Drama,5.1,55,0,"[55.0,0.0,2021.0,98.0]"
tt22751034,movie,AJAX: Parels van Amsterdam,AJAX: Parels van Amsterdam,0,2022,\N,104.0,Documentary,7.0,61,0,"[61.0,0.0,2022.0,104.0]"
tt22766520,movie,Breathe,Respire,0,2022,\N,90.0,Drama,7.2,77,0,"[77.0,0.0,2022.0,90.0]"
tt22770998,movie,Loan Wolves,Loan Wolves,0,2022,\N,90.0,Documentary,7.5,62,0,"[62.0,0.0,2022.0,90.0]"
tt22778808,movie,Blue ID,Blue ID,0,2022,\N,85.0,Documentary,8.0,52,1,"[52.0,0.0,2022.0,85.0]"
tt22779012,movie,Look What You Made Me Do,Look What You Made Me Do,0,2022,\N,84.0,Documentary,6.6,72,0,"[72.0,0.0,2022.0,84.0]"
tt22794548,movie,The Accident,O Acidente,0,2022,\N,95.0,Drama,6.0,85,0,"[85.0,0.0,2022.0,95.0]"
tt22797186,movie,Ghasjomi (Grassland),Ghasjomi (Grassland),0,2022,\N,112.0,Drama,9.3,58,1,"[58.0,0.0,2022.0,112.0]"
tt22801988,movie,Bassifondi,Bassifondi,0,2022,\N,94.0,Drama,6.9,74,0,"[74.0,0.0,2022.0,94.0]"
tt22872250,movie,There Is a Stone,Ishi ga aru,0,2022,\N,104.0,Drama,6.4,74,0,"[74.0,0.0,2022.0,104.0]"
tt22872426,movie,André Hazes: Crossroads,André Hazes: Crossroads,0,2022,\N,92.27826086956522,Documentary,6.6,56,0,"[56.0,0.0,2022.0,92.27826086956522]"
tt22873448,movie,Much Ado About Dying,Much Ado About Dying,0,2022,\N,84.0,Documentary,7.7,77,1,"[77.0,0.0,2022.0,84.0]"
tt22889064,movie,The Wastetown,Shahre Khamoush,0,2022,\N,80.0,Drama,5.2,86,0,"[86.0,0.0,2022.0,80.0]"
tt22889100,movie,Amar Colony,Amar Colony,0,2022,\N,75.0,Drama,7.5,52,0,"[52.0,0.0,2022.0,75.0]"
tt22927636,movie,Allensworth,Allensworth,0,2022,\N,65.0,Documentary,6.8,59,0,"[59.0,0.0,2022.0,65.0]"
tt22939052,movie,Puinhoop,Puinhoop,0,2022,\N,85.0,Documentary,8.0,75,1,"[75.0,0.0,2022.0,85.0]"
tt22983986,movie,Morgan y Los Super Bichillos,Morgan y Los Super Bichillos,0,2022,\N,92.27826086956522,Comedy,2.3,83,0,"[83.0,0.0,2022.0,92.27826086956522]"
tt22986206,movie,Nariti: Romansa Danau Toba,Nariti: Romansa Danau Toba,0,2022,\N,85.0,Drama,9.4,73,1,"[73.0,0.0,2022.0,85.0]"
tt23016770,movie,Chic & Classic: Meghan Markle,Chic & Classic: Meghan Markle,0,2022,\N,52.0,Documentary,1.3,57,0,"[57.0,0.0,2022.0,52.0]"
tt23027202,movie,The Many Lives of Edouard Louis,"Édouard Louis, ou la transformation",0,2022,\N,72.0,Documentary,7.0,51,0,"[51.0,0.0,2022.0,72.0]"
tt23034906,movie,Kagi,The Key -Professor's Pleasure- (Kagi),0,2022,\N,75.0,Drama,7.4,81,0,"[81.0,0.0,2022.0,75.0]"
tt23036528,movie,Vremya goda zima,Vremya goda zima,0,2022,\N,82.0,Drama,6.1,64,0,"[64.0,0.0,2022.0,82.0]"
tt23036660,movie,4:4:44,4:4:44,0,2022,\N,111.0,Drama,5.5,60,0,"[60.0,0.0,2022.0,111.0]"
tt23039430,movie,Kon Parka Kon Potana,Kon Parka Kon Potana,0,2022,\N,92.27826086956522,Drama,8.8,56,1,"[56.0,0.0,2022.0,92.27826086956522]"
tt23133154,movie,White Balls on Walls,White Balls on Walls,0,2022,\N,90.0,Documentary,6.9,79,0,"[79.0,0.0,2022.0,90.0]"
tt23134582,movie,Bandhu,Bandhu,0,2022,\N,92.27826086956522,Comedy,7.4,52,0,"[52.0,0.0,2022.0,92.27826086956522]"
tt23140556,tvMovie,Zastita pre svega,Zastita pre svega,0,2023,\N,90.0,Comedy,6.7,57,0,"[57.0,0.0,2023.0,90.0]"
tt23142374,movie,Vatikan'in Sifresi: Bir Temel Macerasi,Vatikan'in Sifresi: Bir Temel Macerasi,0,2023,\N,88.0,Comedy,3.5,55,0,"[55.0,0.0,2023.0,88.0]"
tt23147136,tvMovie,Evil Among Us: Ted Bundy,Evil Among Us: Ted Bundy,0,2022,\N,85.0,Documentary,6.8,58,0,"[58.0,0.0,2022.0,85.0]"
tt23182000,movie,Clorindo Testa,Clorindo Testa,0,2022,\N,100.0,Documentary,6.9,70,0,"[70.0,0.0,2022.0,100.0]"
tt23182848,movie,#Gawwezni,#Gawwezni,0,2022,\N,105.0,Comedy,5.2,84,0,"[84.0,0.0,2022.0,105.0]"
tt23313300,tvMovie,Und ihr schaut zu,Und ihr schaut zu,0,2022,\N,90.0,Drama,6.1,65,0,"[65.0,0.0,2022.0,90.0]"
tt23325790,movie,Too Close,Too Close/Apropierea,0,2022,\N,85.0,Documentary,7.0,60,0,"[60.0,0.0,2022.0,85.0]"
tt23328642,movie,Christmas with the Carters,Christmas with the Carters,0,2022,\N,97.0,Comedy,4.9,50,0,"[50.0,0.0,2022.0,97.0]"
tt23329940,movie,A Festa de Léo,A Festa de Léo,0,2023,\N,85.0,Drama,6.5,51,0,"[51.0,0.0,2023.0,85.0]"
tt23364730,movie,The Most Feared Skin,La Piel Más Temida,0,2023,\N,121.0,Drama,6.4,85,0,"[85.0,0.0,2023.0,121.0]"
tt23469318,tvMovie,Meine Freundin Volker,Meine Freundin Volker,0,2022,\N,88.0,Drama,5.0,81,0,"[81.0,0.0,2022.0,88.0]"
tt23498788,tvMovie,Schrille Nacht,Schrille Nacht,0,2022,\N,89.0,Comedy,5.5,86,0,"[86.0,0.0,2022.0,89.0]"
tt23550198,movie,The Levys of Monticello,The Levys of Monticello,0,2022,\N,70.0,Documentary,8.2,78,1,"[78.0,0.0,2022.0,70.0]"
tt23622786,movie,Black Kisses,Besos negros,0,2022,\N,70.0,Drama,5.4,53,0,"[53.0,0.0,2022.0,70.0]"
tt23629716,tvMovie,"Caméra Café, 20 ans déjà","Caméra Café, 20 ans déjà",0,2022,\N,92.27826086956522,Comedy,6.5,65,0,"[65.0,0.0,2022.0,92.27826086956522]"
tt23638356,movie,Den siste filmen,Den siste filmen,0,2023,\N,83.0,Documentary,8.0,80,1,"[80.0,0.0,2023.0,83.0]"
tt23643170,movie,Lakka Jawan,Lakka Jawan,0,2022,\N,92.27826086956522,Comedy,8.8,65,1,"[65.0,0.0,2022.0,92.27826086956522]"
tt23651816,movie,Kamla,Kamla,0,2022,\N,97.0,Drama,6.0,89,0,"[89.0,0.0,2022.0,97.0]"
tt23657006,tvMovie,Tous Inconnus,Tous Inconnus,0,2022,\N,113.0,Comedy,2.8,80,0,"[80.0,0.0,2022.0,113.0]"
tt23673826,movie,Purna Purushottam Shree Swaminarayan Bhagwan,Purna Purushottam Shree Swaminarayan Bhagwan,0,2022,\N,92.27826086956522,Drama,8.3,52,1,"[52.0,0.0,2022.0,92.27826086956522]"
tt23713066,movie,Zhanna,Zhanna,0,2022,\N,102.0,Drama,6.9,67,0,"[67.0,0.0,2022.0,102.0]"
tt23722852,movie,Calum Storrie: Drawing Etc,Calum Storrie: Drawing Etc,0,2023,\N,60.0,Documentary,8.2,56,1,"[56.0,0.0,2023.0,60.0]"
tt23742158,movie,Addio al nubilato 2,Addio al nubilato 2,0,2023,\N,110.0,Comedy,5.0,64,0,"[64.0,0.0,2023.0,110.0]"
tt23767768,movie,"I Love You, Beksman","Mahal kita, beksman",0,2022,\N,106.0,Comedy,6.0,84,0,"[84.0,0.0,2022.0,106.0]"
tt23770332,movie,Ke Ghar Ke Dera,Ke Ghar Ke Dera,0,2022,\N,92.27826086956522,Comedy,6.3,50,0,"[50.0,0.0,2022.0,92.27826086956522]"
tt23770926,movie,A Camisa Mais Pesada do Mundo,A Camisa Mais Pesada do Mundo,0,2022,\N,92.27826086956522,Documentary,7.2,53,0,"[53.0,0.0,2022.0,92.27826086956522]"
tt23771510,movie,"My Father, Myself","My Father, Myself",0,2022,\N,103.0,Drama,4.4,84,0,"[84.0,0.0,2022.0,103.0]"
tt23781384,movie,By Heart,Par coeurs,0,2022,\N,76.0,Documentary,5.2,61,0,"[61.0,0.0,2022.0,76.0]"
tt23788650,movie,Bancoco,Bancoco,0,2023,\N,64.0,Documentary,9.1,54,1,"[54.0,0.0,2023.0,64.0]"
tt23835946,movie,Once Upon a Time in Italy,Once Upon a Time in Italy,0,2022,\N,102.0,Documentary,8.7,69,1,"[69.0,0.0,2022.0,102.0]"
tt23852116,movie,Burt Reynolds: The Last Interview,Burt Reynolds: The Last Interview,0,2023,\N,99.0,Documentary,8.4,52,1,"[52.0,0.0,2023.0,99.0]"
tt23861504,movie,Notre Dame de Moncton,Notre Dame de Moncton,0,2022,\N,92.0,Drama,6.6,63,0,"[63.0,0.0,2022.0,92.0]"
tt23872008,movie,The Confession Musical,The Confession Musical,0,2023,\N,185.0,Drama,6.0,90,0,"[90.0,0.0,2023.0,185.0]"
tt23901106,movie,Momma Said Come Home for Christmas,Momma Said Come Home for Christmas,0,2023,\N,92.27826086956522,Comedy,4.9,85,0,"[85.0,0.0,2023.0,92.27826086956522]"
tt23927510,movie,Vidura B.R. - Monsoon Season,Vidura B.R. - Monsoon Season,0,2022,\N,54.0,Comedy,8.8,59,1,"[59.0,0.0,2022.0,54.0]"
tt24019984,movie,He Played Me 2,He Played Me 2,0,2022,\N,115.0,Drama,6.2,82,0,"[82.0,0.0,2022.0,115.0]"
tt24082622,movie,Milisuthando,Milisuthando,0,2023,\N,128.0,Documentary,7.4,59,0,"[59.0,0.0,2023.0,128.0]"
tt24132248,movie,To Live and Die and Live,To Live and Die and Live,0,2023,\N,105.0,Drama,6.2,80,0,"[80.0,0.0,2023.0,105.0]"
tt24132824,movie,Shot in the Arm,Shot in the Arm,0,2023,\N,89.0,Documentary,7.4,78,0,"[78.0,0.0,2023.0,89.0]"
tt24133094,movie,Phoenix. Har/Jar,Phoenix. Har/Jar,0,2022,\N,92.27826086956522,Documentary,8.1,52,1,"[52.0,0.0,2022.0,92.27826086956522]"
tt24247720,movie,Sin Recuerdos,Sin Recuerdos,0,2023,\N,80.0,Drama,6.4,54,0,"[54.0,0.0,2023.0,80.0]"
tt24327980,movie,Jingle Bell Ranch,Jingle Bell Ranch,0,2023,\N,92.27826086956522,Comedy,4.1,55,0,"[55.0,0.0,2023.0,92.27826086956522]"
tt24330660,movie,Scamsgiving,Scamsgiving,0,2023,\N,119.0,Drama,5.8,90,0,"[90.0,0.0,2023.0,119.0]"
tt24330928,movie,Le grand cirque,Le grand cirque,0,2023,\N,85.0,Comedy,6.1,59,0,"[59.0,0.0,2023.0,85.0]"
tt24355094,movie,Stams,Stams,0,2023,\N,97.0,Documentary,6.5,55,0,"[55.0,0.0,2023.0,97.0]"
tt24514130,movie,Omission,Omission,0,2023,\N,70.0,Drama,7.5,63,0,"[63.0,0.0,2023.0,70.0]"
tt24516532,movie,Before the Night,Beriya sevê,0,2022,\N,60.0,Drama,5.3,82,0,"[82.0,0.0,2022.0,60.0]"
tt24518066,movie,ROBLOX_OOF.mp3,ROBLOX_OOF.mp3,0,2022,\N,118.0,Documentary,9.2,74,1,"[74.0,0.0,2022.0,118.0]"
tt24577296,movie,The Cemetery of Cinema,Au cimetière de la pellicule,0,2023,\N,93.0,Documentary,7.2,80,0,"[80.0,0.0,2023.0,93.0]"
tt24577578,movie,Transfariana,Transfariana,0,2023,\N,153.0,Documentary,6.8,58,0,"[58.0,0.0,2023.0,153.0]"
tt24578916,movie,Buying Her,Buying Her,0,2022,\N,61.0,Documentary,9.1,70,1,"[70.0,0.0,2022.0,61.0]"
tt24581148,movie,Ölümüne Ask,Ölümüne Ask,0,2023,\N,92.27826086956522,Comedy,3.8,65,0,"[65.0,0.0,2023.0,92.27826086956522]"
tt24637896,tvMovie,Searching for Planet 9,À la recherche de planète 9,0,2022,\N,55.0,Documentary,6.8,68,0,"[68.0,0.0,2022.0,55.0]"
tt24752700,tvMovie,Litvinenko - The Mayfair Poisoning,Litvinenko - The Mayfair Poisoning,0,2022,\N,47.0,Documentary,5.8,81,0,"[81.0,0.0,2022.0,47.0]"
tt24768824,movie,The Fourth Man,The Fourth Man,0,2022,\N,92.27826086956522,Comedy,3.3,58,0,"[58.0,0.0,2022.0,92.27826086956522]"
tt24771126,movie,Mitt livs hotell,Mitt livs hotell,0,2022,\N,48.0,Documentary,6.5,52,0,"[52.0,0.0,2022.0,48.0]"
tt24803464,tvMovie,Deadly Secrets,Deadly Secrets,0,2022,\N,92.27826086956522,Drama,7.4,52,0,"[52.0,0.0,2022.0,92.27826086956522]"
tt24852948,movie,Musandi,Musandi,0,2023,\N,123.0,Drama,8.6,52,1,"[52.0,0.0,2023.0,123.0]"
tt24860266,movie,A Verry Merry Hood Christmas,A Verry Merry Hood Christmas,0,2022,\N,92.27826086956522,Comedy,7.1,63,0,"[63.0,0.0,2022.0,92.27826086956522]"
tt2490578,movie,The Ants & the Grasshopper,The Ants & the Grasshopper,0,2021,\N,74.0,Documentary,7.0,56,0,"[56.0,0.0,2021.0,74.0]"
tt25031366,movie,Branded & Brainwashed: Inside Nxivm,Branded & Brainwashed: Inside Nxivm,0,2023,\N,85.0,Documentary,6.7,66,0,"[66.0,0.0,2023.0,85.0]"
tt25050370,movie,The Middle: Cascadia Guides,The Middle: Cascadia Guides,0,2022,\N,92.27826086956522,Documentary,5.9,58,0,"[58.0,0.0,2022.0,92.27826086956522]"
tt25052606,movie,Duet,Duet,0,2022,\N,72.0,Documentary,6.8,87,0,"[87.0,0.0,2022.0,72.0]"
tt25053772,movie,The Feature,The Feature,0,2022,\N,97.0,Comedy,8.4,77,1,"[77.0,0.0,2022.0,97.0]"
tt25376072,movie,Günesi Beklerken Simitçi,Günesi Beklerken Simitçi,0,2023,\N,96.0,Drama,5.5,68,0,"[68.0,0.0,2023.0,96.0]"
tt25399162,movie,Social Mandiya,Social Mandiya,0,2021,\N,100.0,Comedy,8.9,82,1,"[82.0,0.0,2021.0,100.0]"
tt25433412,movie,Iza kamere,Iza kamere,0,2023,\N,101.0,Comedy,6.7,65,0,"[65.0,0.0,2023.0,101.0]"
tt25435060,movie,Downfall,Reiraku,0,2023,\N,128.0,Drama,6.3,82,0,"[82.0,0.0,2023.0,128.0]"
tt2551628,movie,Sweetheart Deal,Sweetheart Deal,0,2022,\N,99.0,Documentary,8.9,59,1,"[59.0,0.0,2022.0,99.0]"
tt25624784,tvMovie,Kajoler Dinratri,Kajoler Dinratri,0,2023,\N,67.0,Drama,8.1,61,1,"[61.0,0.0,2023.0,67.0]"
tt25809450,movie,Kami wa Mikaeri wo Motomeru,Kami wa Mikaeri wo Motomeru,0,2022,\N,105.0,Drama,6.8,69,0,"[69.0,0.0,2022.0,105.0]"
tt25814674,movie,Taking Out the Neighbours,Taking Out the Neighbours,0,2023,\N,55.0,Comedy,4.4,68,0,"[68.0,0.0,2023.0,55.0]"
tt25875858,movie,Layar,Layar,0,2023,\N,70.0,Drama,8.7,59,1,"[59.0,0.0,2023.0,70.0]"
tt25929428,movie,Dosarul 631,Dosarul 631,0,2022,\N,92.27826086956522,Drama,6.3,63,0,"[63.0,0.0,2022.0,92.27826086956522]"
tt25982108,movie,"Greybeard: The Man, the Myth, the Mississippi","Greybeard: The Man, the Myth, the Mississippi",0,2023,\N,90.0,Documentary,8.2,51,1,"[51.0,0.0,2023.0,90.0]"
tt25993150,movie,The Final War: The 100 Year Plot to Defeat America,The Final War: The 100 Year Plot to Defeat America,0,2022,\N,156.0,Documentary,7.8,61,1,"[61.0,0.0,2022.0,156.0]"
tt26006524,movie,Mississippi River Styx,Mississippi River Styx,0,2023,\N,85.0,Documentary,7.4,61,0,"[61.0,0.0,2023.0,85.0]"
tt26083046,movie,Wicked Games: Rimini Sparta,Böse Spiele - Rimini Sparta,0,2023,\N,205.0,Drama,7.3,69,0,"[69.0,0.0,2023.0,205.0]"
tt26084078,movie,The Arc of Oblivion,The Arc of Oblivion,0,2023,\N,105.0,Documentary,7.4,60,0,"[60.0,0.0,2023.0,105.0]"
tt26186408,movie,Nuclear Nomads,Nomades du nucléaire,0,2023,\N,73.0,Documentary,6.5,63,0,"[63.0,0.0,2023.0,73.0]"
tt26229700,movie,Planet Soil,Onder het maaiveld,0,2023,\N,83.0,Documentary,7.4,73,0,"[73.0,0.0,2023.0,83.0]"
tt26242410,movie,Hypermoon,Hypermoon,0,2023,\N,78.0,Documentary,6.5,61,0,"[61.0,0.0,2023.0,78.0]"
tt26250432,movie,Which Colour?,Kayo kayo colour?,0,2023,\N,96.0,Drama,7.5,70,0,"[70.0,0.0,2023.0,96.0]"
tt26250484,movie,In Ukraine,In Ukraine,0,2023,\N,83.0,Documentary,5.7,57,0,"[57.0,0.0,2023.0,83.0]"
tt26255954,movie,Europa,Europa,0,2023,\N,97.0,Drama,6.8,87,0,"[87.0,0.0,2023.0,97.0]"
tt26256598,movie,Forms of Forgetting,Unutma Biçimleri,0,2023,\N,70.0,Drama,6.5,86,0,"[86.0,0.0,2023.0,70.0]"
tt26340586,movie,Virgilio.,Virgilio.,0,2022,\N,88.0,Documentary,6.9,55,0,"[55.0,0.0,2022.0,88.0]"
tt26340918,movie,When You Look Beneath the Skin,When You Look Beneath the Skin,0,2023,\N,93.0,Drama,8.2,67,1,"[67.0,0.0,2023.0,93.0]"
tt26343137,movie,Cidade Rabat,Cidade Rabat,0,2023,\N,101.0,Drama,5.8,89,0,"[89.0,0.0,2023.0,101.0]"
tt26345202,movie,Rachel's Farm,Rachel's Farm,0,2023,\N,84.0,Documentary,8.1,87,1,"[87.0,0.0,2023.0,84.0]"
tt26345505,movie,The Spectre of Boko Haram,Le spectre de Boko Haram,0,2023,\N,80.0,Documentary,6.6,50,0,"[50.0,0.0,2023.0,80.0]"
tt26345827,movie,My Little Nighttime Secret,Odin malenkiy nochnoy sekret,0,2023,\N,90.0,Drama,8.1,66,1,"[66.0,0.0,2023.0,90.0]"
tt26347460,movie,A Golden Life,Or de vie,0,2023,\N,85.0,Documentary,7.0,57,0,"[57.0,0.0,2023.0,85.0]"
tt26349484,movie,Justice,Justice,0,2023,\N,85.0,Documentary,6.0,50,0,"[50.0,0.0,2023.0,85.0]"
tt26422310,movie,Fenomen,Fenomen,0,2023,\N,95.0,Documentary,6.9,80,0,"[80.0,0.0,2023.0,95.0]"
tt26425929,movie,Hadi Hayirlisi: Istakoz'un Haritasi,Hadi Hayirlisi: Istakoz'un Haritasi,0,2023,\N,90.0,Comedy,6.3,67,0,"[67.0,0.0,2023.0,90.0]"
tt26437775,movie,Dark Blue Night,Dark Blue Night,0,2021,\N,92.27826086956522,Drama,7.8,82,1,"[82.0,0.0,2021.0,92.27826086956522]"
tt26441515,movie,The Cage Is Looking for a Bird,Kletka ishet ptitsu,0,2023,\N,87.0,Drama,6.3,82,0,"[82.0,0.0,2023.0,87.0]"
tt26441800,movie,Absence,Xue yun,0,2023,\N,100.0,Drama,6.4,73,0,"[73.0,0.0,2023.0,100.0]"
tt26442984,tvMovie,Sa Majesté les mousses,Sa Majesté les mousses,0,2023,\N,53.0,Documentary,7.4,72,0,"[72.0,0.0,2023.0,53.0]"
tt26443638,movie,The Winner Takes It All,The Winner Takes It All,0,2023,\N,78.0,Comedy,5.0,53,0,"[53.0,0.0,2023.0,78.0]"
tt26448963,movie,My Worst Enemy,Mon pire ennemi,0,2023,\N,82.0,Documentary,6.8,54,0,"[54.0,0.0,2023.0,82.0]"
tt26458929,movie,Familia Nacional,Familia Nacional,0,2023,\N,103.0,Comedy,5.4,62,0,"[62.0,0.0,2023.0,103.0]"
tt26470250,movie,Where Is the Lie?,Where Is the Lie?,0,2023,\N,89.0,Drama,5.3,73,0,"[73.0,0.0,2023.0,89.0]"
tt26491924,movie,Trials to Triumph: The Documentary,Trials to Triumph: The Documentary,0,2023,\N,92.27826086956522,Documentary,8.2,69,1,"[69.0,0.0,2023.0,92.27826086956522]"
tt26494215,movie,The Case Is Open,The Case Is Open,0,2023,\N,90.0,Drama,4.0,82,0,"[82.0,0.0,2023.0,90.0]"
tt26545284,movie,Love You Bye,Puss hej då,0,2023,\N,74.0,Documentary,6.2,51,0,"[51.0,0.0,2023.0,74.0]"
tt26591046,movie,44 Hours,44 Hours,0,2022,\N,83.0,Documentary,7.2,57,0,"[57.0,0.0,2022.0,83.0]"
tt26591137,movie,Sister & Sister,Las hijas,0,2023,\N,80.0,Drama,6.6,78,0,"[78.0,0.0,2023.0,80.0]"
tt26612579,movie,Manifesto,Manifesto,0,2022,\N,68.0,Documentary,7.5,64,0,"[64.0,0.0,2022.0,68.0]"
tt26624830,tvMovie,Love You to Death: The Jodi Arias Story,Love You to Death: The Jodi Arias Story,0,2023,\N,85.0,Documentary,6.3,63,0,"[63.0,0.0,2023.0,85.0]"
tt26657611,movie,Nicarágua: Liberdade Exilada,Nicarágua: Liberdade Exilada,0,2023,\N,92.27826086956522,Documentary,8.6,88,1,"[88.0,0.0,2023.0,92.27826086956522]"
tt26658567,tvMovie,Favorite Son Christmas,Favorite Son Christmas,0,2023,\N,92.27826086956522,Drama,8.0,69,1,"[69.0,0.0,2023.0,92.27826086956522]"
tt26658677,movie,Steve Jobless,Steve Jobless,0,2023,\N,117.0,Comedy,6.0,50,0,"[50.0,0.0,2023.0,117.0]"
tt26660134,movie,Who We Become,Who We Become,0,2023,\N,72.0,Documentary,6.4,59,0,"[59.0,0.0,2023.0,72.0]"
tt26687230,movie,Suspicious Minds,Suspicious Minds,0,2023,\N,88.0,Drama,6.9,90,0,"[90.0,0.0,2023.0,88.0]"
tt26698806,movie,Behind the Veil,Behind the Veil,0,2023,\N,92.27826086956522,Drama,5.2,50,0,"[50.0,0.0,2023.0,92.27826086956522]"
tt26734116,movie,Dados,Dados,0,2023,\N,102.0,Comedy,7.6,55,1,"[55.0,0.0,2023.0,102.0]"
tt26742972,movie,Kenyatta: Do Not Wait Your Turn,Kenyatta: Do Not Wait Your Turn,0,2023,\N,92.0,Documentary,9.4,54,1,"[54.0,0.0,2023.0,92.0]"
tt26745680,movie,Motherland,Motherland,0,2023,\N,92.0,Documentary,7.5,90,0,"[90.0,0.0,2023.0,92.0]"
tt26754808,movie,Baap Manus,Baap Manus,0,2023,\N,105.0,Drama,8.1,72,1,"[72.0,0.0,2023.0,105.0]"
tt26756883,movie,Adieu sauvage,Adieu sauvage,0,2023,\N,90.0,Documentary,7.8,50,1,"[50.0,0.0,2023.0,90.0]"
tt26770530,movie,The Couch: Black Girl Erupted,Black Girl Erupted,0,2023,\N,92.27826086956522,Drama,6.4,62,0,"[62.0,0.0,2023.0,92.27826086956522]"
tt26776046,movie,Coração de Neon,Coração de Neon,0,2023,\N,100.0,Drama,7.2,84,0,"[84.0,0.0,2023.0,100.0]"
tt26786982,movie,Chico Forever,Chico para Sempre,0,2022,\N,123.0,Documentary,8.6,72,1,"[72.0,0.0,2022.0,123.0]"
tt26812510,movie,El caso Monroy,El caso Monroy,0,2022,\N,95.0,Drama,7.0,66,0,"[66.0,0.0,2022.0,95.0]"
tt26812530,movie,Diógenes,Diógenes,0,2023,\N,80.0,Drama,6.2,55,0,"[55.0,0.0,2023.0,80.0]"
tt26895530,movie,Abort,Abort,0,2023,\N,59.0,Drama,5.1,52,0,"[52.0,0.0,2023.0,59.0]"
tt26898676,movie,Archier Gallery,Archier Gallery,0,2023,\N,92.27826086956522,Drama,7.0,53,0,"[53.0,0.0,2023.0,92.27826086956522]"
tt26903032,movie,Dall'alto di una fredda torre,Dall'alto di una fredda torre,0,2023,\N,90.0,Drama,5.8,70,0,"[70.0,0.0,2023.0,90.0]"
tt26934079,tvMovie,Queen of Cocaine,Queen of Cocaine,0,2023,\N,84.0,Documentary,6.2,51,0,"[51.0,0.0,2023.0,84.0]"
tt27047366,movie,The Wall Street Boy,Kipkemboi,0,2023,\N,90.0,Drama,7.9,51,1,"[51.0,0.0,2023.0,90.0]"
tt27047377,movie,Love Beat the Hell Out of Me,Love Beat the Hell Out of Me,0,2023,\N,76.0,Drama,5.5,72,0,"[72.0,0.0,2023.0,76.0]"
tt27052939,tvMovie,Pegasus: A Spy in Your Pocket,"Pegasus, un espion dans votre poche",0,2023,\N,93.0,Documentary,7.3,68,0,"[68.0,0.0,2023.0,93.0]"
tt27078515,movie,Upuan,Upuan,0,2023,\N,127.0,Drama,4.6,87,0,"[87.0,0.0,2023.0,127.0]"
tt27116369,movie,Sardara and Sons,Sardara and Sons,0,2023,\N,101.0,Drama,6.3,51,0,"[51.0,0.0,2023.0,101.0]"
tt27118262,movie,The Way of Generations,The Way of Generations,0,2023,\N,87.0,Drama,6.8,51,0,"[51.0,0.0,2023.0,87.0]"
tt27118364,movie,Revealed: Trafficked,Revealed: Trafficked,0,2023,\N,92.27826086956522,Documentary,5.6,67,0,"[67.0,0.0,2023.0,92.27826086956522]"
tt27121101,movie,Kleinkinderen van de Oost,Kleinkinderen van de Oost,0,2023,\N,74.0,Documentary,7.1,84,0,"[84.0,0.0,2023.0,74.0]"
tt27127118,movie,The Invention of the Other,A Invenção do Outro,0,2023,\N,144.0,Documentary,8.0,58,1,"[58.0,0.0,2023.0,144.0]"
tt27130805,movie,One Lyfe to Life,One Lyfe to Life,0,2023,\N,120.0,Drama,7.6,64,1,"[64.0,0.0,2023.0,120.0]"
tt27133532,movie,Ambatukam: The Rise and Fall of Dreamybull,Ambatukam: The Rise and Fall of Dreamybull,0,2023,\N,45.0,Documentary,9.5,75,1,"[75.0,0.0,2023.0,45.0]"
tt27139461,movie,Marinaleda,Marinaleda,0,2023,\N,51.0,Comedy,5.8,51,0,"[51.0,0.0,2023.0,51.0]"
tt27148327,movie,Vintersaga,Vintersaga,0,2023,\N,82.0,Documentary,6.9,85,0,"[85.0,0.0,2023.0,82.0]"
tt27162426,movie,Trip for Five with Healthy Smiles,Trip for Five with Healthy Smiles,0,2023,\N,50.0,Comedy,8.9,78,1,"[78.0,0.0,2023.0,50.0]"
tt27169865,movie,Bank Robbers,Bank zadeh ha,0,2022,\N,92.27826086956522,Comedy,2.7,56,0,"[56.0,0.0,2022.0,92.27826086956522]"
tt27193714,movie,The Great Nothing,Velké nic,0,2023,\N,103.0,Documentary,7.0,59,0,"[59.0,0.0,2023.0,103.0]"
tt27204568,movie,Children of the Taliban,Children of the Taliban,0,2023,\N,56.0,Documentary,7.8,86,1,"[86.0,0.0,2023.0,56.0]"
tt27205596,movie,The UFOs of Soesterberg,De UFO's van Soesterberg,0,2023,\N,80.0,Documentary,7.4,77,0,"[77.0,0.0,2023.0,80.0]"
tt27208385,movie,Twenty Two Presence,Twenty Two Presence,0,2023,\N,74.0,Drama,5.7,61,0,"[61.0,0.0,2023.0,74.0]"
tt27232590,tvMovie,Gone Before Her Time: Brittany Murphy,Gone Before Her Time: Brittany Murphy,0,2023,\N,86.0,Documentary,6.8,65,0,"[65.0,0.0,2023.0,86.0]"
tt27236617,movie,Sto telos xyrizoun ton gabro,Sto telos xyrizoun ton gabro,0,2023,\N,93.0,Comedy,3.1,75,0,"[75.0,0.0,2023.0,93.0]"
tt27238438,movie,The Manson Murders,The Manson Murders,0,2023,\N,46.0,Documentary,4.3,52,0,"[52.0,0.0,2023.0,46.0]"
tt27250496,movie,Cafe Desire,Cafe Desire,0,2022,\N,120.0,Drama,6.5,74,0,"[74.0,0.0,2022.0,120.0]"
tt27276986,tvMovie,Saving Our Wild Isles,Saving Our Wild Isles,0,2023,\N,53.0,Documentary,8.2,70,1,"[70.0,0.0,2023.0,53.0]"
tt27295900,movie,Margazhi Thingal,Margazhi Thingal,0,2023,\N,112.0,Drama,6.3,75,0,"[75.0,0.0,2023.0,112.0]"
tt27328934,movie,Rapture,Paula,0,2023,\N,98.0,Drama,4.9,58,0,"[58.0,0.0,2023.0,98.0]"
tt27329017,movie,When the Seedlings Grow-Gava Sitil Mezin Dibin,When the Seedlings Grow-Gava Sitil Mezin Dibin,0,2022,\N,83.0,Drama,7.8,68,1,"[68.0,0.0,2022.0,83.0]"
tt27336198,movie,The Kujus Again,The Kujus Again,0,2023,\N,117.0,Drama,8.0,83,1,"[83.0,0.0,2023.0,117.0]"
tt27349112,movie,Öt Bakalim,Öt Bakalim,0,2023,\N,95.0,Comedy,4.0,56,0,"[56.0,0.0,2023.0,95.0]"
tt27349186,movie,A Taste of Sin,A Taste of Sin,0,2023,\N,120.0,Drama,6.1,85,0,"[85.0,0.0,2023.0,120.0]"
tt27352654,tvMovie,Charles: In His Own Words,Charles: In His Own Words,0,2023,\N,44.0,Documentary,6.0,81,0,"[81.0,0.0,2023.0,44.0]"
tt27369556,movie,Damaged,Damaged,0,2023,\N,71.0,Documentary,5.9,69,0,"[69.0,0.0,2023.0,71.0]"
tt27370800,movie,Jesus: The Facts About Jesus,Jesus: The Facts About Jesus,0,2023,\N,92.27826086956522,Documentary,6.1,67,0,"[67.0,0.0,2023.0,92.27826086956522]"
tt27374831,movie,The Nettle Dress,The Nettle Dress,0,2023,\N,68.0,Documentary,8.3,55,1,"[55.0,0.0,2023.0,68.0]"
tt27389374,tvMovie,Between You and Me,Das bleibt unter uns,0,2023,\N,89.0,Drama,6.3,86,0,"[86.0,0.0,2023.0,89.0]"
tt27419449,movie,Black Rose,Black Rose,0,2023,\N,90.0,Drama,5.2,54,0,"[54.0,0.0,2023.0,90.0]"
tt27419597,movie,VICE News Presents: Cult of Elon,VICE News Presents: Cult of Elon,0,2023,\N,92.27826086956522,Documentary,5.3,58,0,"[58.0,0.0,2023.0,92.27826086956522]"
tt27428262,movie,Fauna,Fauna,0,2023,\N,74.0,Documentary,7.0,53,0,"[53.0,0.0,2023.0,74.0]"
tt27430566,movie,Andor,Andor,0,2022,\N,75.0,Documentary,8.1,56,1,"[56.0,0.0,2022.0,75.0]"
tt27436518,movie,The Legacy,El legado,0,2022,\N,90.0,Documentary,4.9,51,0,"[51.0,0.0,2022.0,90.0]"
tt27436755,movie,The Man Who Stole Einstein's Brain,The Man Who Stole Einstein's Brain,0,2023,\N,78.0,Documentary,6.0,62,0,"[62.0,0.0,2023.0,78.0]"
tt27439979,movie,Gothix,Gothix,0,2023,\N,87.0,Documentary,8.5,72,1,"[72.0,0.0,2023.0,87.0]"
tt27442304,movie,Single Bells,Single Bells,0,2023,\N,93.0,Comedy,5.9,79,0,"[79.0,0.0,2023.0,93.0]"
tt27443929,movie,Yung libro sa napanood ko,Yung libro sa napanood ko,0,2023,\N,103.0,Drama,4.5,71,0,"[71.0,0.0,2023.0,103.0]"
tt27448589,movie,Aathvani,Aathvani,0,2023,\N,124.0,Drama,8.1,82,1,"[82.0,0.0,2023.0,124.0]"
tt27449521,movie,Bukannya Aku Tidak Mau Nikah,Bukannya Aku Tidak Mau Nikah,0,2023,\N,96.0,Drama,8.6,52,1,"[52.0,0.0,2023.0,96.0]"
tt27449919,movie,Unbillievable,Unbillievable,0,2023,\N,104.0,Comedy,7.6,50,1,"[50.0,0.0,2023.0,104.0]"
tt27458555,movie,That Great British Documentary,That Great British Documentary,0,2023,\N,60.0,Documentary,3.7,57,0,"[57.0,0.0,2023.0,60.0]"
tt27458959,movie,Another Cursed Movie,Otra película maldita,0,2023,\N,120.0,Documentary,7.4,53,0,"[53.0,0.0,2023.0,120.0]"
tt27478726,movie,Red Flower,Gol-e Sorkh,0,2023,\N,76.0,Comedy,2.1,61,0,"[61.0,0.0,2023.0,76.0]"
tt27480377,movie,The Rise of Wagner,The Rise of Wagner,0,2023,\N,104.0,Documentary,7.1,54,0,"[54.0,0.0,2023.0,104.0]"
tt27481100,movie,Who's Afraid of Nathan Law?,Who's Afraid of Nathan Law?,0,2023,\N,90.0,Documentary,8.3,53,1,"[53.0,0.0,2023.0,90.0]"
tt27489865,movie,Honey Money,Honey Money,0,2023,\N,92.27826086956522,Drama,7.3,52,0,"[52.0,0.0,2023.0,92.27826086956522]"
tt27495036,movie,Fred & Rose West: Love & Murder,Fred & Rose West: Love & Murder,0,2023,\N,55.0,Documentary,5.8,88,0,"[88.0,0.0,2023.0,55.0]"
tt27504119,movie,Larry Dean: Fandan,Larry Dean: Fandan,0,2023,\N,92.27826086956522,Comedy,7.4,58,0,"[58.0,0.0,2023.0,92.27826086956522]"
tt27505702,movie,In a Good Way,In a Good Way,0,2023,\N,79.0,Drama,4.1,78,0,"[78.0,0.0,2023.0,79.0]"
tt27511429,movie,Life in outer space: exoplanets,Life in outer space: exoplanets,0,2022,\N,52.0,Documentary,6.1,76,0,"[76.0,0.0,2022.0,52.0]"
tt27526871,movie,A Christmas Wish,A Christmas Wish,0,2023,\N,100.0,Comedy,5.1,75,0,"[75.0,0.0,2023.0,100.0]"
tt27540964,movie,Dreaming in Between,Nigekireta Yume,0,2023,\N,96.0,Drama,6.2,59,0,"[59.0,0.0,2023.0,96.0]"
tt27542490,movie,Cactus Hotel,Cactus Hotel,0,2023,\N,50.0,Documentary,7.3,55,0,"[55.0,0.0,2023.0,50.0]"
tt27543749,movie,Logos & Literacy,Logos & Literacy,0,2022,\N,45.0,Documentary,5.3,79,0,"[79.0,0.0,2022.0,45.0]"
tt27544274,movie,Richland,Richland,0,2023,\N,93.0,Documentary,6.5,52,0,"[52.0,0.0,2023.0,93.0]"
tt27550984,movie,Heart for the Holidays,Heart for the Holidays,0,2023,\N,92.27826086956522,Drama,6.8,73,0,"[73.0,0.0,2023.0,92.27826086956522]"
tt27564246,movie,Cold Sigh,Ahe Sard,0,2023,\N,88.0,Drama,5.9,68,0,"[68.0,0.0,2023.0,88.0]"
tt27565218,movie,Patrida,Patrida,0,2021,\N,67.0,Documentary,6.9,65,0,"[65.0,0.0,2021.0,67.0]"
tt27634228,movie,Beks: Days of Our Lives,Beks: Days of Our Lives,0,2023,\N,105.0,Comedy,8.4,58,1,"[58.0,0.0,2023.0,105.0]"
tt27643013,movie,The Dogman Triangle: Werewolves in the Lone Star State,The Dogman Triangle: Werewolves in the Lone Star State,0,2023,\N,70.0,Documentary,6.2,66,0,"[66.0,0.0,2023.0,70.0]"
tt27683670,movie,Tesla's Medicine: The Universal Fluid,Tesla's Medicine: The Universal Fluid,0,2022,\N,90.0,Documentary,7.5,67,0,"[67.0,0.0,2022.0,90.0]"
tt27706950,movie,Gisoum,Gisoum,0,2021,\N,85.0,Drama,4.2,56,0,"[56.0,0.0,2021.0,85.0]"
tt27716296,movie,So Unreal,So Unreal,0,2023,\N,98.0,Documentary,6.6,74,0,"[74.0,0.0,2023.0,98.0]"
tt27716903,movie,This Train,This Train,0,2023,\N,101.0,Drama,5.2,57,0,"[57.0,0.0,2023.0,101.0]"
tt27721895,movie,The Moviemakers: Spielberg,The Moviemakers: Spielberg,0,2023,\N,56.0,Documentary,6.0,62,0,"[62.0,0.0,2023.0,56.0]"
tt27744036,movie,Hidden Aegean,Hidden Aegean,0,2023,\N,92.27826086956522,Documentary,5.9,70,0,"[70.0,0.0,2023.0,92.27826086956522]"
tt27751400,movie,The Dark Emu Story,The Dark Emu Story,0,2023,\N,95.0,Documentary,7.0,62,0,"[62.0,0.0,2023.0,95.0]"
tt27761490,movie,Nganù,Nganù,0,2023,\N,101.0,Drama,6.8,71,0,"[71.0,0.0,2023.0,101.0]"
tt27766646,movie,Godard by Godard,Godard par Godard,0,2023,\N,60.0,Documentary,7.0,60,0,"[60.0,0.0,2023.0,60.0]"
tt27773767,movie,Chilbolton Incident,Chilbolton Incident,0,2023,\N,49.0,Documentary,5.3,76,0,"[76.0,0.0,2023.0,49.0]"
tt27778573,movie,Forgetting Christmas,Forgetting Christmas,0,2023,\N,99.0,Drama,6.3,51,0,"[51.0,0.0,2023.0,99.0]"
tt27797155,movie,Saving Venice,Saving Venice,0,2022,\N,87.0,Documentary,7.2,56,0,"[56.0,0.0,2022.0,87.0]"
tt27811012,movie,Be with Me,Be with Me,0,2023,\N,129.0,Drama,5.7,76,0,"[76.0,0.0,2023.0,129.0]"
tt27811341,movie,White Collars,Yaghe Sefidha,0,2023,\N,84.0,Comedy,2.3,82,0,"[82.0,0.0,2023.0,84.0]"
tt27831581,tvMovie,VICE News Presents - Sold Out: Ticketmaster and the Resale Racket,VICE News Presents - Sold Out: Ticketmaster and the Resale Racket,0,2023,\N,66.0,Documentary,6.5,50,0,"[50.0,0.0,2023.0,66.0]"
tt27835314,movie,Tempi supplementari,Tempi supplementari,0,2022,\N,75.0,Drama,8.4,78,1,"[78.0,0.0,2022.0,75.0]"
tt27837362,movie,No Disrespect,No Disrespect,0,2023,\N,93.0,Drama,5.8,79,0,"[79.0,0.0,2023.0,93.0]"
tt27837482,movie,I Am Weekender,I Am Weekender,0,2023,\N,72.0,Documentary,6.7,74,0,"[74.0,0.0,2023.0,72.0]"
tt27837574,movie,Stripper Party,Stripper Party,0,2023,\N,77.0,Comedy,5.6,69,0,"[69.0,0.0,2023.0,77.0]"
tt27837981,movie,Zivot pro samouky,Zivot pro samouky,0,2023,\N,95.0,Comedy,5.4,83,0,"[83.0,0.0,2023.0,95.0]"
tt27847947,movie,Star Dancer,Star Dancer,0,2023,\N,95.0,Drama,4.3,59,0,"[59.0,0.0,2023.0,95.0]"
tt27881434,movie,Anxious in Beirut,Anxious in Beirut,0,2023,\N,93.0,Documentary,8.0,56,1,"[56.0,0.0,2023.0,93.0]"
tt27904656,movie,The Body Politic,The Body Politic,0,2023,\N,90.0,Documentary,8.1,59,1,"[59.0,0.0,2023.0,90.0]"
tt27942025,movie,Quello che gli altri non vedono,Quello che gli altri non vedono,0,2023,\N,81.0,Drama,6.4,50,0,"[50.0,0.0,2023.0,81.0]"
tt27989206,movie,The Dmitriev Affair,The Dmitriev Affair,0,2023,\N,93.0,Documentary,7.2,86,0,"[86.0,0.0,2023.0,93.0]"
tt28002892,movie,Route 60: The Biblical Highway,Route 60: The Biblical Highway,0,2023,\N,100.0,Documentary,6.5,66,0,"[66.0,0.0,2023.0,100.0]"
tt28017314,movie,Oppenheimer After Trinity,Oppenheimer After Trinity,0,2023,\N,58.0,Documentary,7.1,56,0,"[56.0,0.0,2023.0,58.0]"
tt28023853,tvMovie,KEN LOACH: The ART of ACTIVISM,"Ken Loach, le vent de la révolte",0,2023,\N,61.0,Documentary,7.3,54,0,"[54.0,0.0,2023.0,61.0]"
tt28055418,movie,Carpet Cowboys,Carpet Cowboys,0,2023,\N,84.0,Documentary,6.5,83,0,"[83.0,0.0,2023.0,84.0]"
tt28084920,movie,God's Grace: The Sheila Johnson Story,God's Grace: The Sheila Johnson Story,0,2023,\N,98.0,Drama,8.5,58,1,"[58.0,0.0,2023.0,98.0]"
tt28101932,movie,Clashing Differences,Clashing Differences,0,2023,\N,72.0,Drama,6.0,58,0,"[58.0,0.0,2023.0,72.0]"
tt28103086,movie,Peafowl,Peafowl,0,2022,\N,115.0,Drama,7.9,61,1,"[61.0,0.0,2022.0,115.0]"
tt28103613,tvMovie,Nach uns der Rest der Welt,Nach uns der Rest der Welt,0,2023,\N,90.0,Drama,6.3,85,0,"[85.0,0.0,2023.0,90.0]"
tt28106880,movie,War and Justice,War and Justice,0,2023,\N,93.0,Documentary,8.3,50,1,"[50.0,0.0,2023.0,93.0]"
tt28106905,movie,Weißt du noch,Weißt du noch,0,2023,\N,90.0,Drama,6.5,67,0,"[67.0,0.0,2023.0,90.0]"
tt28153349,movie,Picture of Spring,Shunga Sensei,0,2023,\N,114.0,Drama,6.1,90,0,"[90.0,0.0,2023.0,114.0]"
tt28184491,movie,Vai Ter Troco,Vai Ter Troco,0,2023,\N,88.0,Comedy,5.8,72,0,"[72.0,0.0,2023.0,88.0]"
tt28186534,movie,Scariest Places in the World,Scariest Places in the World,0,2023,\N,92.27826086956522,Documentary,5.9,70,0,"[70.0,0.0,2023.0,92.27826086956522]"
tt28202433,movie,Infiltrados: Venezuela,Infiltrados: Venezuela,0,2023,\N,92.27826086956522,Documentary,7.2,69,0,"[69.0,0.0,2023.0,92.27826086956522]"
tt28213594,movie,Murilo Couto: Leso,Murilo Couto: Leso,0,2023,\N,71.0,Comedy,6.5,75,0,"[75.0,0.0,2023.0,71.0]"
tt28221665,tvMovie,"Gregory Peck, the Gentleman Actor","Gregory Peck, le gentleman acteur",0,2022,\N,52.0,Documentary,6.8,67,0,"[67.0,0.0,2022.0,52.0]"
tt28224825,movie,Brothers After War,Brothers After War,0,2023,\N,108.0,Documentary,7.8,81,1,"[81.0,0.0,2023.0,108.0]"
tt28239832,movie,A Room of His Own,A Room of His Own,0,2023,\N,81.0,Drama,6.9,50,0,"[50.0,0.0,2023.0,81.0]"
tt28317366,movie,Kids in a Cage,Kids in a Cage,0,2023,\N,86.0,Documentary,8.0,74,1,"[74.0,0.0,2023.0,86.0]"
tt28361422,tvMovie,Blackadder: A Cunning Story,Blackadder: A Cunning Story,0,2023,\N,88.0,Documentary,7.1,75,0,"[75.0,0.0,2023.0,88.0]"
tt28436200,movie,Feel and Stay,Feel and Stay,0,2023,\N,46.0,Drama,7.6,57,1,"[57.0,0.0,2023.0,46.0]"
tt28493568,movie,S.O.S Mamis 2: Mosquita Muerta,S.O.S. Mamis 2: Mosquita muerta,0,2023,\N,100.0,Comedy,5.7,74,0,"[74.0,0.0,2023.0,100.0]"
tt28499644,movie,Deity,Orisa,0,2023,\N,109.0,Drama,7.8,88,1,"[88.0,0.0,2023.0,109.0]"
tt28516806,movie,Malqueridas,Malqueridas,0,2023,\N,74.0,Documentary,6.8,68,0,"[68.0,0.0,2023.0,74.0]"
tt28517189,movie,Bauryna Salu,Bauryna Salu,0,2023,\N,113.0,Drama,7.5,75,0,"[75.0,0.0,2023.0,113.0]"
tt28520402,movie,The Cradle of the Brave,Ang duyan ng magiting,0,2023,\N,120.0,Drama,6.7,53,0,"[53.0,0.0,2023.0,120.0]"
tt28521817,movie,All the Songs We Never Sang,All the Songs We Never Sang,0,2023,\N,115.0,Drama,6.7,90,0,"[90.0,0.0,2023.0,115.0]"
tt28529490,movie,"A Day, 365 Hours","A Day, 365 Hours",0,2023,\N,79.0,Documentary,6.8,60,0,"[60.0,0.0,2023.0,79.0]"
tt28541820,tvMovie,Diese Sendung ist kein Spiel - Die unheimliche Welt des Eduard Zimmermann,Diese Sendung ist kein Spiel - Die unheimliche Welt des Eduard Zimmermann,0,2023,\N,88.0,Documentary,5.6,67,0,"[67.0,0.0,2023.0,88.0]"
tt28554508,movie,National Theatre Live: Best of Enemies,National Theatre Live: Best of Enemies,0,2023,\N,166.0,Drama,7.2,59,0,"[59.0,0.0,2023.0,166.0]"
tt28559416,movie,The Murder Network,The Murder Network,0,2022,\N,71.0,Documentary,6.3,82,0,"[82.0,0.0,2022.0,71.0]"
tt28564048,movie,Vagrant,Taong grasa,0,2023,\N,104.0,Drama,4.8,69,0,"[69.0,0.0,2023.0,104.0]"
tt28581313,movie,God Is a Woman,Dieu est une femme,0,2023,\N,86.0,Documentary,6.6,61,0,"[61.0,0.0,2023.0,86.0]"
tt28589391,movie,As If It's True,As If It's True,0,2023,\N,100.0,Drama,5.7,66,0,"[66.0,0.0,2023.0,100.0]"
tt28601104,tvMovie,Gäste zum Essen,Gäste zum Essen,0,2023,\N,90.0,Comedy,5.6,73,0,"[73.0,0.0,2023.0,90.0]"
tt28608722,movie,No Strings Attached,No Strings Attached,0,2023,\N,100.0,Drama,4.1,51,0,"[51.0,0.0,2023.0,100.0]"
tt28625537,movie,Kidnap for Romance,Kidnap for Romance,0,2023,\N,117.0,Drama,6.5,51,0,"[51.0,0.0,2023.0,117.0]"
tt28631188,movie,Twittering Soul,Twittering Soul,0,2023,\N,70.0,Drama,6.9,82,0,"[82.0,0.0,2023.0,70.0]"
tt28632197,movie,Monisme,Monisme,0,2023,\N,115.0,Drama,6.6,59,0,"[59.0,0.0,2023.0,115.0]"
tt28635913,movie,With the Grace of a God,Con la grazia di un Dio,0,2023,\N,74.0,Drama,5.3,82,0,"[82.0,0.0,2023.0,74.0]"
tt28641753,movie,Following the Sound,Kanata no uta,0,2023,\N,84.0,Drama,5.5,72,0,"[72.0,0.0,2023.0,84.0]"
tt28650951,movie,The Price of Truth,The Price of Truth,0,2023,\N,84.0,Documentary,6.8,84,0,"[84.0,0.0,2023.0,84.0]"
tt28669158,movie,Homecoming,Máhccan,0,2023,\N,76.0,Documentary,7.1,60,0,"[60.0,0.0,2023.0,76.0]"
tt28681319,movie,Valentina or the Serenity,Valentina o la serenidad,0,2023,\N,86.0,Drama,6.7,79,0,"[79.0,0.0,2023.0,86.0]"
tt28741950,movie,To Fall in Love,To Fall in Love,0,2023,\N,87.0,Drama,5.6,53,0,"[53.0,0.0,2023.0,87.0]"
tt28775464,movie,My Otaku Girlfriend,Mi Novia Otaku,0,2023,\N,115.0,Drama,5.6,87,0,"[87.0,0.0,2023.0,115.0]"
tt28816987,movie,It's All Sunshine and Rainbows,It's All Sunshine and Rainbows,0,2023,\N,90.0,Comedy,4.3,69,0,"[69.0,0.0,2023.0,90.0]"
tt28821669,movie,Forever Thirty-Three,Hep Otuz Üç Yasinda,0,2023,\N,109.0,Documentary,8.6,71,1,"[71.0,0.0,2023.0,109.0]"
tt28889813,movie,A Big Gay Hairy Hit! Where the Bears Are: The Documentary,A Big Gay Hairy Hit! Where the Bears Are: The Documentary,0,2023,\N,93.0,Documentary,5.7,57,0,"[57.0,0.0,2023.0,93.0]"
tt28945048,movie,Andy Warhol: The American Dream,Andy Warhol - americký sen,0,2023,\N,104.0,Documentary,7.1,82,0,"[82.0,0.0,2023.0,104.0]"
tt28959442,movie,The Great Adventure: A Journey Inside Africa Eco Race 2022,The Great Adventure: A Journey Inside Africa Eco Race 2022,0,2023,\N,92.27826086956522,Documentary,8.4,52,1,"[52.0,0.0,2023.0,92.27826086956522]"
tt29007987,movie,"BILAL WAHIB: altijd, altijd","BILAL WAHIB: altijd, altijd",0,2023,\N,70.0,Documentary,5.7,50,0,"[50.0,0.0,2023.0,70.0]"
tt29079472,movie,3 Kagitçilar,3 Kagitçilar,0,2022,\N,93.0,Comedy,4.7,58,0,"[58.0,0.0,2022.0,93.0]"
tt29102612,movie,Beyond the Fog,Kiri no fuchi,0,2023,\N,83.0,Drama,6.6,57,0,"[57.0,0.0,2023.0,83.0]"
tt29137389,tvMovie,Daum - Triumphe & Schicksale,Daum - Triumphe & Schicksale,0,2023,\N,92.27826086956522,Documentary,7.1,62,0,"[62.0,0.0,2023.0,92.27826086956522]"
tt29170059,movie,Darran Chhoo,Darran Chhoo,0,2023,\N,135.0,Comedy,8.6,50,1,"[50.0,0.0,2023.0,135.0]"
tt29215800,movie,"Modernism, Inc.: The Eliot Noyes Design Story","Modernism, Inc.: The Eliot Noyes Design Story",0,2023,\N,118.0,Documentary,7.7,52,1,"[52.0,0.0,2023.0,118.0]"
tt29230643,movie,Una flor en el barro,Una flor en el barro,0,2023,\N,98.0,Drama,6.8,77,0,"[77.0,0.0,2023.0,98.0]"
tt29244335,movie,One Night at School,Yeh hau,0,2023,\N,104.0,Comedy,4.4,53,0,"[53.0,0.0,2023.0,104.0]"
tt29245451,movie,"Bisbal, el documental","Bisbal, el documental",0,2023,\N,109.0,Documentary,7.1,51,0,"[51.0,0.0,2023.0,109.0]"
tt29252639,movie,No Farmers No Food: Will You Eat the Bugs?,No Farmers No Food: Will You Eat the Bugs?,0,2023,\N,92.27826086956522,Documentary,7.4,53,0,"[53.0,0.0,2023.0,92.27826086956522]"
tt29268352,movie,Scariest Monsters in the World,Scariest Monsters in the World,0,2023,\N,92.27826086956522,Documentary,5.4,50,0,"[50.0,0.0,2023.0,92.27826086956522]"
tt29276947,movie,The Ticket,Bilietas,0,2023,\N,100.0,Documentary,8.7,75,1,"[75.0,0.0,2023.0,100.0]"
tt29291834,movie,The Polish Women,As Polacas,0,2023,\N,125.0,Drama,6.6,62,0,"[62.0,0.0,2023.0,125.0]"
tt29313917,movie,Mvera,Mvera,0,2023,\N,117.0,Drama,7.4,57,0,"[57.0,0.0,2023.0,117.0]"
tt29314947,movie,Roxana,Roxana,0,2023,\N,130.0,Drama,5.7,50,0,"[50.0,0.0,2023.0,130.0]"
tt29361873,movie,Mourning in Lod,Mourning in Lod,0,2023,\N,73.0,Documentary,7.0,50,0,"[50.0,0.0,2023.0,73.0]"
tt29363171,movie,A Wu-Tang Experience: Live at Red Rocks Amphitheatre,A Wu-Tang Experience: Live at Red Rocks Amphitheatre,0,2023,\N,87.0,Documentary,8.1,58,1,"[58.0,0.0,2023.0,87.0]"
tt29379143,movie,Petro,Petro,0,2023,\N,98.0,Documentary,6.2,77,0,"[77.0,0.0,2023.0,98.0]"
tt29380353,tvMovie,The Affair,The Affair,0,2023,\N,92.27826086956522,Drama,7.1,65,0,"[65.0,0.0,2023.0,92.27826086956522]"
tt29380630,movie,Ressignificar,Ressignificar,0,2023,\N,74.0,Documentary,7.9,69,1,"[69.0,0.0,2023.0,74.0]"
tt29417104,movie,Stand Up & Shout: Songs from a Philly High School,Stand Up & Shout: Songs from a Philly High School,0,2023,\N,54.0,Documentary,6.6,57,0,"[57.0,0.0,2023.0,54.0]"
tt29425866,movie,Mo Mamma,Mo Mamma,0,2023,\N,70.0,Drama,5.5,51,0,"[51.0,0.0,2023.0,70.0]"
tt29451582,movie,The Sentence,Thadavu,0,2023,\N,89.0,Drama,8.4,60,1,"[60.0,0.0,2023.0,89.0]"
tt29452337,movie,The Highest Brasil,The Highest Brasil,0,2023,\N,106.0,Drama,7.0,57,0,"[57.0,0.0,2023.0,106.0]"
tt29472006,movie,Rosali,Rosali,0,2023,\N,98.0,Comedy,6.7,89,0,"[89.0,0.0,2023.0,98.0]"
tt29519280,movie,Knockouts in Lockdown,Knockouts in Lockdown,0,2023,\N,45.0,Comedy,3.0,67,0,"[67.0,0.0,2023.0,45.0]"
tt29522140,movie,Rain Town,Rain Town,0,2023,\N,115.0,Drama,7.2,79,0,"[79.0,0.0,2023.0,115.0]"
tt29529917,movie,Warnow: Reis naar het Noorderlicht,Warnow: Reis naar het Noorderlicht,0,2023,\N,98.0,Documentary,7.1,52,0,"[52.0,0.0,2023.0,98.0]"
tt29537215,tvMovie,Der neue Freund,Der neue Freund,0,2023,\N,88.0,Drama,5.6,88,0,"[88.0,0.0,2023.0,88.0]"
tt29539384,tvMovie,The Affair Conspiracy,The Affair Conspiracy,0,2023,\N,84.0,Drama,4.2,58,0,"[58.0,0.0,2023.0,84.0]"
tt29541630,movie,The Flood- Death on the Dike,The Flood- Death on the Dike,0,2023,\N,103.0,Drama,4.9,82,0,"[82.0,0.0,2023.0,103.0]"
tt29549415,tvMovie,The Yorkshire Exorcist,The Yorkshire Exorcist,0,2023,\N,44.0,Documentary,6.7,71,0,"[71.0,0.0,2023.0,44.0]"
tt29580988,movie,Renessanseprinsen,Renessanseprinsen,0,2023,\N,80.0,Documentary,7.0,63,0,"[63.0,0.0,2023.0,80.0]"
tt29605067,movie,Kedicik,Kedicik,0,2023,\N,92.27826086956522,Documentary,8.0,70,1,"[70.0,0.0,2023.0,92.27826086956522]"
tt29607155,movie,Why Do They Write on Walls?,De Ce Scriu Astia Pe Pereti?,0,2023,\N,85.0,Documentary,7.0,50,0,"[50.0,0.0,2023.0,85.0]"
tt29614712,movie,"Havel Speaking, Can You Hear Me?","Havel Speaking, Can You Hear Me?",0,2023,\N,85.0,Documentary,6.6,78,0,"[78.0,0.0,2023.0,85.0]"
tt29620674,movie,The Moviemakers: Scorsese,The Moviemakers: Scorsese,0,2023,\N,50.0,Documentary,5.8,83,0,"[83.0,0.0,2023.0,50.0]"
tt29644034,movie,Soleils Atikamekw,Soleils Atikamekw,0,2023,\N,103.0,Drama,6.8,72,0,"[72.0,0.0,2023.0,103.0]"
tt29668782,movie,"Nish Kumar: Your Power, Your Control","Nish Kumar: Your Power, Your Control",0,2023,\N,84.0,Comedy,6.3,59,0,"[59.0,0.0,2023.0,84.0]"
tt29669274,movie,Maria Callas Monica Bellucci: An encounter,Maria Callas: Letters and Memoirs,0,2023,\N,73.0,Documentary,7.9,72,1,"[72.0,0.0,2023.0,73.0]"
tt29672722,movie,Amen,Amen,0,2023,\N,89.0,Drama,5.2,67,0,"[67.0,0.0,2023.0,89.0]"
tt29764936,movie,Another Day of Hope,You shi chong man xi wang de yi tian,0,2023,\N,131.0,Drama,7.4,55,0,"[55.0,0.0,2023.0,131.0]"
tt29765555,tvMovie,Zwei Weihnachtsmänner sind einer zu viel,Zwei Weihnachtsmänner sind einer zu viel,0,2023,\N,90.0,Comedy,5.7,73,0,"[73.0,0.0,2023.0,90.0]"
tt29866107,tvMovie,Eher fliegen hier UFOs,Eher fliegen hier UFOs,0,2023,\N,89.0,Drama,6.8,52,0,"[52.0,0.0,2023.0,89.0]"
tt29870121,movie,Rosodium,Rosodium,0,2022,\N,92.27826086956522,Drama,5.5,69,0,"[69.0,0.0,2022.0,92.27826086956522]"
tt29871144,movie,I Want Her,I Want Her,0,2023,\N,57.0,Drama,4.9,52,0,"[52.0,0.0,2023.0,57.0]"
tt29893042,movie,Banksy and the Stolen Girl,Banksy e la ragazza del Bataclan,0,2023,\N,53.0,Documentary,6.3,81,0,"[81.0,0.0,2023.0,53.0]"
tt29899792,movie,Un Pájaro Azul,Un Pájaro Azul,0,2023,\N,97.0,Drama,6.7,78,0,"[78.0,0.0,2023.0,97.0]"
tt29926368,tvMovie,Talking Doctor Who,Talking Doctor Who,0,2023,\N,59.0,Documentary,7.1,58,0,"[58.0,0.0,2023.0,59.0]"
tt29942156,movie,Sima's Unfinished Narration,Sima's Unfinished Narration,0,2023,\N,90.0,Drama,4.9,85,0,"[85.0,0.0,2023.0,90.0]"
tt29971951,tvMovie,"Orange mécanique, les rouages de la violence","Orange mécanique, les rouages de la violence",0,2023,\N,54.0,Documentary,6.7,83,0,"[83.0,0.0,2023.0,54.0]"
tt30023265,movie,Antipop,Antipop,0,2023,\N,60.0,Documentary,7.4,59,0,"[59.0,0.0,2023.0,60.0]"
tt30025045,tvMovie,Der zweite Kurzschluss,Der zweite Kurzschluss,0,2023,\N,25.0,Comedy,6.3,69,0,"[69.0,0.0,2023.0,25.0]"
tt30058081,movie,True Love: Making 'The Creator',True Love: Making 'The Creator',0,2023,\N,55.0,Documentary,8.0,55,1,"[55.0,0.0,2023.0,55.0]"
tt30106337,movie,To My Son,To My Son,0,2023,\N,112.0,Drama,6.3,85,0,"[85.0,0.0,2023.0,112.0]"
tt30129383,movie,Kaj + Ester Forever,Kaj pa Ester?,0,2023,\N,81.0,Comedy,6.1,68,0,"[68.0,0.0,2023.0,81.0]"
tt30135132,movie,5 Mohie El Deen Abu El Ezz,5 Mohie El Deen Abu El Ezz,0,2023,\N,94.0,Comedy,4.6,59,0,"[59.0,0.0,2023.0,94.0]"
tt30184788,movie,Girl for a Day,Un jour fille,0,2023,\N,97.0,Drama,7.1,53,0,"[53.0,0.0,2023.0,97.0]"
tt30221991,movie,The First Code,The First Code,0,2023,\N,96.0,Documentary,6.3,53,0,"[53.0,0.0,2023.0,96.0]"
tt30223113,movie,"Glass, My Unfulfilled Life","Glass, My Unfulfilled Life",0,2023,\N,94.0,Documentary,8.0,53,1,"[53.0,0.0,2023.0,94.0]"
tt30224178,tvMovie,The TikTok Effect,The TikTok Effect,0,2023,\N,53.0,Documentary,6.0,81,0,"[81.0,0.0,2023.0,53.0]"
tt30248814,movie,I Am Not Myself,Ana Machi Ana,0,2023,\N,117.0,Comedy,7.0,79,0,"[79.0,0.0,2023.0,117.0]"
tt30280883,movie,Detka,Detka,0,2023,\N,107.0,Drama,6.2,78,0,"[78.0,0.0,2023.0,107.0]"
tt30304652,tvMovie,The Princes in the Tower: The New Evidence,The Princes in the Tower: The New Evidence,0,2023,\N,87.0,Documentary,6.7,51,0,"[51.0,0.0,2023.0,87.0]"
tt30318107,movie,An Instant Dad,An Instant Dad,0,2023,\N,79.0,Comedy,5.8,69,0,"[69.0,0.0,2023.0,79.0]"
tt30321280,movie,Bikini Bowl-O-Rama,Bikini Bowl-O-Rama,0,2023,\N,92.27826086956522,Comedy,3.1,59,0,"[59.0,0.0,2023.0,92.27826086956522]"
tt3034316,movie,L.A.: A Queer History,L.A. A Queer History,0,2021,\N,120.0,Documentary,7.8,59,1,"[59.0,0.0,2021.0,120.0]"
tt30387544,movie,Plagiarism and You(Tube),Plagiarism and You(Tube),0,2023,\N,231.0,Documentary,9.3,67,1,"[67.0,0.0,2023.0,231.0]"
tt30387597,movie,Ögretmen,Ögretmen,0,2023,\N,134.0,Comedy,4.0,70,0,"[70.0,0.0,2023.0,134.0]"
tt30393802,movie,Written in the Stars: The Official Film of the FIFA World Cup Qatar 2022,Written in the Stars: The Official Film of the FIFA World Cup Qatar 2022,0,2023,\N,95.0,Documentary,8.2,68,1,"[68.0,0.0,2023.0,95.0]"
tt30430981,movie,David Attenborough: A Life on Earth,David Attenborough: A Life on Earth,0,2023,\N,50.0,Documentary,7.8,89,1,"[89.0,0.0,2023.0,50.0]"
tt30625896,movie,Seni Görüyorum,Seni Görüyorum,0,2023,\N,92.27826086956522,Drama,2.7,64,0,"[64.0,0.0,2023.0,92.27826086956522]"
tt30692427,movie,Vivre avec les loups,Vivre avec les loups,0,2023,\N,89.0,Documentary,7.6,69,1,"[69.0,0.0,2023.0,89.0]"
tt30700968,movie,The Story of Our Time: The Making of Oppenheimer,The Story of Our Time: The Making of Oppenheimer,0,2023,\N,72.0,Documentary,7.2,77,0,"[77.0,0.0,2023.0,72.0]"
tt30745869,movie,One Star,One Star,0,2023,\N,50.0,Documentary,8.1,55,1,"[55.0,0.0,2023.0,50.0]"
tt30767039,movie,"ABBA Silver, ABBA Gold","ABBA Silver, ABBA Gold",0,2023,\N,51.0,Documentary,7.7,56,1,"[56.0,0.0,2023.0,51.0]"
tt30802611,movie,Afonso Padilha - Gerações,Afonso Padilha - Gerações,0,2023,\N,64.0,Comedy,7.1,77,0,"[77.0,0.0,2023.0,64.0]"
tt31021353,movie,The Shoshani Riddle,The Shoshani Riddle,0,2023,\N,88.0,Documentary,9.3,85,1,"[85.0,0.0,2023.0,88.0]"
tt31415180,movie,Shin,Shin,0,2023,\N,87.0,Drama,6.6,68,0,"[68.0,0.0,2023.0,87.0]"
tt31438016,movie,The Case of Engineer Ursu,Cazul Inginerului Ursu,0,2023,\N,98.0,Documentary,8.2,56,1,"[56.0,0.0,2023.0,98.0]"
tt31638341,movie,A Friend's Wife Sold in Debt,A Friend's Wife Sold in Debt,0,2022,\N,72.0,Drama,5.9,75,0,"[75.0,0.0,2022.0,72.0]"
tt31923191,movie,The Hardest Hour,The Hardest Hour,0,2023,\N,122.0,Documentary,8.4,64,1,"[64.0,0.0,2023.0,122.0]"
tt32104188,movie,Above Top Secret: The Technology Behind Disclosure,Above Top Secret: The Technology Behind Disclosure,0,2022,\N,92.27826086956522,Documentary,5.7,53,0,"[53.0,0.0,2022.0,92.27826086956522]"
tt32250502,movie,The Years We Have Been Nowhere,The Years We Have Been Nowhere,0,2023,\N,80.0,Documentary,9.5,87,1,"[87.0,0.0,2023.0,80.0]"
tt32335214,movie,What Should We Have Done?,Dôsureba yokattaka?,0,2023,\N,102.0,Documentary,8.0,62,1,"[62.0,0.0,2023.0,102.0]"
tt32636077,movie,Above and Below the Ground,Above and Below the Ground,0,2023,\N,86.0,Documentary,1.4,78,0,"[78.0,0.0,2023.0,86.0]"
tt3264218,movie,Children of Las Brisas,Children of Las Brisas,0,2022,\N,97.0,Documentary,8.0,64,1,"[64.0,0.0,2022.0,97.0]"
tt32813758,movie,Gold: A Journey with Idris Elba,Gold: A Journey with Idris Elba,0,2023,\N,67.0,Documentary,6.4,83,0,"[83.0,0.0,2023.0,67.0]"
tt3309672,movie,And Still I Sing,And Still I Sing,0,2022,\N,90.0,Documentary,7.2,59,0,"[59.0,0.0,2022.0,90.0]"
tt33312072,movie,Once in a Blue Moon,Once in a Blue Moon,0,2023,\N,100.0,Drama,6.0,61,0,"[61.0,0.0,2023.0,100.0]"
tt3406690,movie,Motorvation,Motorvation,0,2022,\N,97.0,Comedy,4.7,79,0,"[79.0,0.0,2022.0,97.0]"
tt3492588,movie,"Hugo Sanchez, the Goal and the Glory",Hugo Sanchez,0,2022,\N,78.0,Documentary,5.9,88,0,"[88.0,0.0,2022.0,78.0]"
tt35530918,movie,Muleque Té Doido 4 - Morreu Maria Preá,Muleque Té Doido 4 - Morreu Maria Preá,0,2023,\N,109.0,Comedy,8.4,73,1,"[73.0,0.0,2023.0,109.0]"
tt3642628,movie,Cowboy Drifter,Cowboy Drifter,0,2022,\N,104.0,Drama,5.7,87,0,"[87.0,0.0,2022.0,104.0]"
tt3663052,movie,The Race to Save the World,The Race to Save the World,0,2021,\N,102.0,Documentary,6.2,52,0,"[52.0,0.0,2021.0,102.0]"
tt38734489,movie,"Manhunt: the liar, the thief, the conman","Manhunt: the liar, the thief, the conman",0,2023,\N,67.0,Documentary,6.3,75,0,"[75.0,0.0,2023.0,67.0]"
tt3891720,movie,The Performance,The Performance,0,2023,\N,113.0,Drama,8.9,70,1,"[70.0,0.0,2023.0,113.0]"
tt3895984,movie,Manbaby,Manbaby,0,2022,\N,93.0,Comedy,6.4,74,0,"[74.0,0.0,2022.0,93.0]"
tt4200198,movie,Back in the No,Back in the No,0,2021,\N,102.0,Drama,4.9,56,0,"[56.0,0.0,2021.0,102.0]"
tt4511400,movie,Solomon,Solomon,0,2021,\N,92.27826086956522,Drama,5.3,56,0,"[56.0,0.0,2021.0,92.27826086956522]"
tt4828328,movie,The Seeds of Vandana Shiva,The Seeds of Vandana Shiva,0,2021,\N,82.0,Documentary,8.6,62,1,"[62.0,0.0,2021.0,82.0]"
tt4879258,movie,An Extremely Uncommon Set of Circumstances,An Extremely Uncommon Set of Circumstances,0,2021,\N,100.0,Comedy,8.5,50,1,"[50.0,0.0,2021.0,100.0]"
tt4971262,movie,Road King,Road King,0,2023,\N,100.0,Drama,9.2,85,1,"[85.0,0.0,2023.0,100.0]"
tt5033568,movie,Milonga,Milonga,0,2023,\N,106.0,Drama,7.3,64,0,"[64.0,0.0,2023.0,106.0]"
tt5123942,movie,River's End: California's Latest Water War,River's End: California's Latest Water War,0,2021,\N,81.0,Documentary,8.1,74,1,"[74.0,0.0,2021.0,81.0]"
tt5229896,movie,Eyes Upon Waking,Eyes Upon Waking,0,2022,\N,110.0,Drama,8.5,51,1,"[51.0,0.0,2022.0,110.0]"
tt5327828,movie,ScarfFace,Scarf Face,0,2021,\N,77.0,Documentary,4.8,64,0,"[64.0,0.0,2021.0,77.0]"
tt5355616,movie,Best Friends Genetically Modified,Best Friends Genetically Modified,0,2022,\N,92.27826086956522,Drama,2.5,59,0,"[59.0,0.0,2022.0,92.27826086956522]"
tt5574806,movie,Boblo Boats: A Detroit Ferry Tale,Boblo Boats: A Detroit Ferry Tale,0,2022,\N,79.0,Documentary,7.0,63,0,"[63.0,0.0,2022.0,79.0]"
tt5653722,movie,Silence of Smoke,Wo ba mei shuo de na jian shi,0,2023,\N,106.0,Drama,6.6,55,0,"[55.0,0.0,2023.0,106.0]"
tt5918432,movie,Ferguson Rises,Ferguson Rises,0,2021,\N,82.0,Documentary,8.1,62,1,"[62.0,0.0,2021.0,82.0]"
tt5943232,movie,Hey Kem Chho London,Hey Kem Chho London,0,2022,\N,124.0,Comedy,6.0,51,0,"[51.0,0.0,2022.0,124.0]"
tt5969070,movie,Samland,Samland,0,2021,\N,88.0,Drama,6.5,70,0,"[70.0,0.0,2021.0,88.0]"
tt6100508,movie,Alma,Alma,0,2021,\N,94.0,Drama,5.1,76,0,"[76.0,0.0,2021.0,94.0]"
tt6363696,movie,Rodantes,Rodantes,0,2021,\N,99.0,Drama,7.0,86,0,"[86.0,0.0,2021.0,99.0]"
tt6547944,movie,Lust for Gold: A Race Against Time,Lust for Gold: A Race Against Time,0,2021,\N,83.0,Documentary,5.5,72,0,"[72.0,0.0,2021.0,83.0]"
tt6636962,movie,Edén,Edén,0,2022,\N,90.0,Drama,5.2,56,0,"[56.0,0.0,2022.0,90.0]"
tt6714754,movie,The Monster Inside Me,The Monster Inside Me,0,2022,\N,147.0,Documentary,9.2,71,1,"[71.0,0.0,2022.0,147.0]"
tt6928462,movie,Travis Turner,Travis Turner,0,2021,\N,72.0,Drama,3.7,52,0,"[52.0,0.0,2021.0,72.0]"
tt7029534,movie,Things Don't Stay Fixed,Things Don't Stay Fixed,0,2021,\N,100.0,Drama,5.1,83,0,"[83.0,0.0,2021.0,100.0]"
tt7085158,movie,Past Shadows,Past Shadows,0,2021,\N,85.0,Drama,6.3,78,0,"[78.0,0.0,2021.0,85.0]"
tt7171422,movie,The Guest,La visita,0,2021,\N,78.0,Drama,6.5,86,0,"[86.0,0.0,2021.0,78.0]"
tt7176058,movie,More Than I Deserve,Yoter Mema Shemagia Li,0,2021,\N,82.0,Drama,7.0,65,0,"[65.0,0.0,2021.0,82.0]"
tt7196230,movie,The Wild One,The Wild One,0,2022,\N,94.0,Documentary,6.9,63,0,"[63.0,0.0,2022.0,94.0]"
tt7315826,movie,Yes I Am: The Ric Weiland Story,Yes I Am: The Ric Weiland Story,0,2021,\N,62.0,Documentary,8.5,68,1,"[68.0,0.0,2021.0,62.0]"
tt7325284,movie,When Nothing Else Matters,When Nothing Else Matters,0,2021,\N,92.27826086956522,Drama,5.3,83,0,"[83.0,0.0,2021.0,92.27826086956522]"
tt7401536,movie,The Take Out Move,The Take Out Move,0,2022,\N,74.0,Comedy,7.2,69,0,"[69.0,0.0,2022.0,74.0]"
tt7512876,movie,Three Brothers,Tres hermanos,0,2022,\N,86.0,Drama,7.2,62,0,"[62.0,0.0,2022.0,86.0]"
tt7513844,movie,A Nomad River,A Nomad River,0,2021,\N,69.0,Drama,7.1,54,0,"[54.0,0.0,2021.0,69.0]"
tt7517142,movie,Too Much Life,Too Much Life,0,2023,\N,90.0,Drama,6.9,61,0,"[61.0,0.0,2023.0,90.0]"
tt7684904,movie,A Parked Life,A Parked Life,0,2022,\N,76.0,Documentary,7.2,63,0,"[63.0,0.0,2022.0,76.0]"
tt7895844,movie,Come Find Me,Come Find Me,0,2021,\N,107.0,Drama,6.4,80,0,"[80.0,0.0,2021.0,107.0]"
tt7918266,movie,Bergeron Brothers: Wedding Videographers,Bergeron Brothers: Wedding Videographers,0,2021,\N,101.0,Comedy,6.2,62,0,"[62.0,0.0,2021.0,101.0]"
tt8075000,movie,After Antarctica,After Antarctica,0,2021,\N,105.0,Documentary,8.2,53,1,"[53.0,0.0,2021.0,105.0]"
tt8099318,movie,Elli Kelimelik Mektuplar,Elli Kelimelik Mektuplar,0,2021,\N,120.0,Drama,6.2,69,0,"[69.0,0.0,2021.0,120.0]"
tt8147518,movie,A Pinch of Luck,Uma Pitada de Sorte,0,2022,\N,93.0,Comedy,5.8,61,0,"[61.0,0.0,2022.0,93.0]"
tt8197330,movie,Damaged Goods,Damaged Goods,0,2021,\N,73.0,Drama,5.6,68,0,"[68.0,0.0,2021.0,73.0]"
tt8351254,movie,The Country Club,The Country Club,0,2023,\N,90.0,Comedy,5.5,52,0,"[52.0,0.0,2023.0,90.0]"
tt8361716,movie,Earthlings,Earthlings,0,2023,\N,79.0,Drama,6.9,83,0,"[83.0,0.0,2023.0,79.0]"
tt8459190,movie,Never Forget Tibet,Never Forget Tibet,0,2022,\N,94.0,Documentary,7.8,64,1,"[64.0,0.0,2022.0,94.0]"
tt8488856,movie,Her Name Is Chef,Her Name Is Chef,0,2021,\N,98.0,Documentary,6.4,62,0,"[62.0,0.0,2021.0,98.0]"
tt8811670,movie,The Library Boys,The Library Boys,0,2022,\N,87.0,Comedy,5.9,54,0,"[54.0,0.0,2022.0,87.0]"
tt8814390,movie,Amigas de Sorte,Amigas de Sorte,0,2021,\N,80.0,Comedy,5.9,52,0,"[52.0,0.0,2021.0,80.0]"
tt8906960,movie,Taking Venice,Taking Venice,0,2023,\N,98.0,Documentary,7.1,76,0,"[76.0,0.0,2023.0,98.0]"
tt8907586,movie,La tara,La tara,0,2022,\N,75.0,Documentary,4.8,78,0,"[78.0,0.0,2022.0,75.0]"
tt8998888,movie,The Devil's Drivers,The Devil's Drivers,0,2021,\N,90.0,Documentary,7.7,64,1,"[64.0,0.0,2021.0,90.0]"
tt9015962,movie,Borderlands,Borderlands,0,2021,\N,67.0,Documentary,8.0,71,1,"[71.0,0.0,2021.0,67.0]"
tt9029366,movie,12 Months,12 Months,0,2022,\N,95.0,Drama,6.7,59,0,"[59.0,0.0,2022.0,95.0]"
tt9124868,movie,Rollers,Rollers,0,2021,\N,92.27826086956522,Comedy,5.2,61,0,"[61.0,0.0,2021.0,92.27826086956522]"
tt9198898,movie,Much Ado,Much Ado,0,2022,\N,116.0,Drama,4.8,75,0,"[75.0,0.0,2022.0,116.0]"
tt9209388,movie,Companion,Sahela,0,2023,\N,93.0,Drama,6.7,66,0,"[66.0,0.0,2023.0,93.0]"
tt9244724,movie,It's Raining Women,It's Raining Women,0,2022,\N,86.0,Documentary,6.7,59,0,"[59.0,0.0,2022.0,86.0]"
tt9278312,movie,Spiral,Spiral,0,2021,\N,92.0,Drama,7.0,59,0,"[59.0,0.0,2021.0,92.0]"
tt9280556,movie,Milyon Dolarlik Afis,Milyon Dolarlik Afis,0,2022,\N,132.0,Documentary,8.9,77,1,"[77.0,0.0,2022.0,132.0]"
tt9309774,movie,The Starter Marriage,The Starter Marriage,0,2021,\N,96.0,Comedy,7.0,57,0,"[57.0,0.0,2021.0,96.0]"
tt9342916,movie,Sita on the Road,Sita on the Road,0,2021,\N,115.0,Drama,8.1,86,1,"[86.0,0.0,2021.0,115.0]"
tt9351788,movie,Art & Krimes by Krimes,Art & Krimes by Krimes,0,2021,\N,85.0,Documentary,7.7,72,1,"[72.0,0.0,2021.0,85.0]"
tt9361216,movie,Colombo,Colombo,0,2021,\N,90.0,Drama,7.5,65,0,"[65.0,0.0,2021.0,90.0]"
tt9408648,movie,Dear Molly,Dear Molly,0,2022,\N,91.0,Drama,6.5,50,0,"[50.0,0.0,2022.0,91.0]"
tt9413078,movie,Jaguar Man,Homem Onça,0,2021,\N,93.0,Drama,6.8,68,0,"[68.0,0.0,2021.0,93.0]"
tt9415966,movie,Just Girls,Just Girls,0,2021,\N,70.0,Documentary,6.2,90,0,"[90.0,0.0,2021.0,70.0]"
tt9431096,movie,Dulcineia,Dulcineia,0,2023,\N,88.0,Drama,4.1,50,0,"[50.0,0.0,2023.0,88.0]"
tt9435970,movie,Fries! The Movie,Fries! The Movie,0,2021,\N,83.0,Documentary,5.7,85,0,"[85.0,0.0,2021.0,83.0]"
tt9444800,movie,Crappy Mother's Day,Crappy Mother's Day,0,2021,\N,82.0,Comedy,4.7,85,0,"[85.0,0.0,2021.0,82.0]"
tt9466498,movie,Real Talk,Real Talk,0,2021,\N,98.0,Drama,6.3,74,0,"[74.0,0.0,2021.0,98.0]"
tt9565196,movie,A Place Called Home,A Place Called Home,0,2022,\N,103.0,Drama,7.0,88,0,"[88.0,0.0,2022.0,103.0]"
tt9583840,movie,The Young Arsonists,The Young Arsonists,0,2022,\N,97.0,Drama,5.7,80,0,"[80.0,0.0,2022.0,97.0]"
tt9602716,movie,Fatally Flawless,Fatally Flawless,0,2022,\N,110.0,Drama,6.0,51,0,"[51.0,0.0,2022.0,110.0]"
tt9675374,movie,Two Dogs,Two Dogs,0,2021,\N,82.0,Drama,6.8,73,0,"[73.0,0.0,2021.0,82.0]"
tt9691348,movie,Jamraud,Jamraud,0,2021,\N,140.0,Drama,8.6,80,1,"[80.0,0.0,2021.0,140.0]"
tt9774740,movie,Chasing Whiskey,Chasing Whiskey,0,2021,\N,92.27826086956522,Documentary,7.1,81,0,"[81.0,0.0,2021.0,92.27826086956522]"
tt9897230,movie,Smiling Georgia,Smiling Georgia,0,2023,\N,62.0,Documentary,7.3,61,0,"[61.0,0.0,2023.0,62.0]"
